Id,industry
19423,Education / Teaching / Training
19424,Education / Teaching / Training
19425,Education / Teaching / Training
19426,Education / Teaching / Training
19427,Recruitment / Staffing
19428,Recruitment / Staffing
19429,Recruitment / Staffing
19430,Recruitment / Staffing
19431,BPO / Call Centre / ITES
19432,IT-Software / Software Services
19433,IT-Software / Software Services
19434,Medical / Healthcare / Hospitals
19435,Medical / Healthcare / Hospitals
19436,Medical / Healthcare / Hospitals
19437,Semiconductors / Electronics
19438,Construction / Engineering / Cement / Metals
19439,IT-Software / Software Services
19440,Recruitment / Staffing
19441,IT-Software / Software Services
19442,IT-Software / Software Services
19443,IT-Software / Software Services
19444,IT-Software / Software Services
19445,Automobile / Auto Anciliary / Auto Components
19446,IT-Software / Software Services
19447,IT-Software / Software Services
19448,Banking / Financial Services / Broking
19449,Accounting / Finance
19450,Advertising / PR / MR / Event Management
19451,IT-Software / Software Services
19452,IT-Software / Software Services
19453,Banking / Financial Services / Broking
19454,Food Processing
19455,IT-Software / Software Services
19456,IT-Software / Software Services
19457,Recruitment / Staffing
19458,BPO / Call Centre / ITES
19459,BPO / Call Centre / ITES
19460,IT-Software / Software Services
19461,IT-Software / Software Services
19462,Internet / Ecommerce
19463,Other
19464,IT-Software / Software Services
19465,IT-Software / Software Services
19466,BPO / Call Centre / ITES
19467,Banking / Financial Services / Broking
19468,Other
19469,IT-Software / Software Services
19470,Banking / Financial Services / Broking
19471,IT-Hardware & Networking
19472,Banking / Financial Services / Broking
19473,BPO / Call Centre / ITES
19474,Medical / Healthcare / Hospitals
19475,IT-Software / Software Services
19476,Ceramics / Sanitary ware
19477,Internet / Ecommerce
19478,Banking / Financial Services / Broking
19479,IT-Software / Software Services
19480,Travel / Hotels / Restaurants / Airlines / Railways
19481,Pharma / Biotech / Clinical Research
19482,IT-Software / Software Services
19483,IT-Software / Software Services
19484,IT-Software / Software Services
19485,IT-Software / Software Services
19486,IT-Software / Software Services
19487,Travel / Hotels / Restaurants / Airlines / Railways
19488,IT-Software / Software Services
19489,IT-Software / Software Services
19490,IT-Software / Software Services
19491,Industrial Products / Heavy Machinery
19492,Internet / Ecommerce
19493,Pharma / Biotech / Clinical Research
19494,Banking / Financial Services / Broking
19495,IT-Software / Software Services
19496,IT-Software / Software Services
19497,Banking / Financial Services / Broking
19498,IT-Software / Software Services
19499,IT-Software / Software Services
19500,Strategy / Management Consulting Firms
19501,IT-Software / Software Services
19502,Internet / Ecommerce
19503,BPO / Call Centre / ITES
19504,IT-Software / Software Services
19505,Internet / Ecommerce
19506,IT-Software / Software Services
19507,Recruitment / Staffing
19508,Textiles / Garments / Accessories
19509,Education / Teaching / Training
19510,Accounting / Finance
19511,IT-Software / Software Services
19512,Banking / Financial Services / Broking
19513,Other
19514,IT-Software / Software Services
19515,Banking / Financial Services / Broking
19516,IT-Software / Software Services
19517,BPO / Call Centre / ITES
19518,Banking / Financial Services / Broking
19519,IT-Software / Software Services
19520,IT-Software / Software Services
19521,Pharma / Biotech / Clinical Research
19522,Telecom/ISP
19523,IT-Software / Software Services
19524,IT-Software / Software Services
19525,BPO / Call Centre / ITES
19526,BPO / Call Centre / ITES
19527,IT-Software / Software Services
19528,Strategy / Management Consulting Firms
19529,IT-Software / Software Services
19530,Education / Teaching / Training
19531,Banking / Financial Services / Broking
19532,IT-Software / Software Services
19533,IT-Software / Software Services
19534,IT-Software / Software Services
19535,Accounting / Finance
19536,Recruitment / Staffing
19537,IT-Software / Software Services
19538,Real Estate / Property
19539,Medical / Healthcare / Hospitals
19540,IT-Software / Software Services
19541,Medical / Healthcare / Hospitals
19542,IT-Software / Software Services
19543,IT-Software / Software Services
19544,IT-Software / Software Services
19545,IT-Software / Software Services
19546,IT-Software / Software Services
19547,Internet / Ecommerce
19548,IT-Software / Software Services
19549,IT-Software / Software Services
19550,Courier / Transportation / Freight / Warehousing
19551,IT-Software / Software Services
19552,IT-Software / Software Services
19553,IT-Software / Software Services
19554,IT-Software / Software Services
19555,Banking / Financial Services / Broking
19556,IT-Software / Software Services
19557,IT-Software / Software Services
19558,IT-Software / Software Services
19559,Semiconductors / Electronics
19560,IT-Software / Software Services
19561,IT-Software / Software Services
19562,IT-Software / Software Services
19563,Education / Teaching / Training
19564,BPO / Call Centre / ITES
19565,IT-Software / Software Services
19566,IT-Software / Software Services
19567,IT-Hardware & Networking
19568,Insurance
19569,IT-Software / Software Services
19570,IT-Software / Software Services
19571,Banking / Financial Services / Broking
19572,Medical / Healthcare / Hospitals
19573,KPO / Research / Analytics
19574,IT-Software / Software Services
19575,IT-Software / Software Services
19576,IT-Hardware & Networking
19577,IT-Software / Software Services
19578,IT-Software / Software Services
19579,IT-Software / Software Services
19580,IT-Software / Software Services
19581,IT-Software / Software Services
19582,IT-Software / Software Services
19583,IT-Software / Software Services
19584,IT-Software / Software Services
19585,IT-Software / Software Services
19586,IT-Software / Software Services
19587,IT-Software / Software Services
19588,IT-Software / Software Services
19589,KPO / Research / Analytics
19590,IT-Software / Software Services
19591,Travel / Hotels / Restaurants / Airlines / Railways
19592,FMCG / Foods / Beverage
19593,Recruitment / Staffing
19594,Other
19595,Other
19596,BPO / Call Centre / ITES
19597,BPO / Call Centre / ITES
19598,BPO / Call Centre / ITES
19599,BPO / Call Centre / ITES
19600,BPO / Call Centre / ITES
19601,BPO / Call Centre / ITES
19602,BPO / Call Centre / ITES
19603,BPO / Call Centre / ITES
19604,BPO / Call Centre / ITES
19605,BPO / Call Centre / ITES
19606,BPO / Call Centre / ITES
19607,BPO / Call Centre / ITES
19608,BPO / Call Centre / ITES
19609,BPO / Call Centre / ITES
19610,BPO / Call Centre / ITES
19611,BPO / Call Centre / ITES
19612,BPO / Call Centre / ITES
19613,BPO / Call Centre / ITES
19614,BPO / Call Centre / ITES
19615,BPO / Call Centre / ITES
19616,BPO / Call Centre / ITES
19617,BPO / Call Centre / ITES
19618,BPO / Call Centre / ITES
19619,BPO / Call Centre / ITES
19620,BPO / Call Centre / ITES
19621,BPO / Call Centre / ITES
19622,BPO / Call Centre / ITES
19623,BPO / Call Centre / ITES
19624,BPO / Call Centre / ITES
19625,BPO / Call Centre / ITES
19626,BPO / Call Centre / ITES
19627,BPO / Call Centre / ITES
19628,BPO / Call Centre / ITES
19629,BPO / Call Centre / ITES
19630,BPO / Call Centre / ITES
19631,BPO / Call Centre / ITES
19632,BPO / Call Centre / ITES
19633,BPO / Call Centre / ITES
19634,BPO / Call Centre / ITES
19635,BPO / Call Centre / ITES
19636,BPO / Call Centre / ITES
19637,BPO / Call Centre / ITES
19638,BPO / Call Centre / ITES
19639,BPO / Call Centre / ITES
19640,BPO / Call Centre / ITES
19641,BPO / Call Centre / ITES
19642,KPO / Research / Analytics
19643,KPO / Research / Analytics
19644,KPO / Research / Analytics
19645,KPO / Research / Analytics
19646,KPO / Research / Analytics
19647,KPO / Research / Analytics
19648,KPO / Research / Analytics
19649,KPO / Research / Analytics
19650,KPO / Research / Analytics
19651,KPO / Research / Analytics
19652,KPO / Research / Analytics
19653,KPO / Research / Analytics
19654,KPO / Research / Analytics
19655,KPO / Research / Analytics
19656,KPO / Research / Analytics
19657,KPO / Research / Analytics
19658,KPO / Research / Analytics
19659,KPO / Research / Analytics
19660,KPO / Research / Analytics
19661,KPO / Research / Analytics
19662,KPO / Research / Analytics
19663,KPO / Research / Analytics
19664,KPO / Research / Analytics
19665,KPO / Research / Analytics
19666,KPO / Research / Analytics
19667,KPO / Research / Analytics
19668,KPO / Research / Analytics
19669,KPO / Research / Analytics
19670,KPO / Research / Analytics
19671,KPO / Research / Analytics
19672,KPO / Research / Analytics
19673,KPO / Research / Analytics
19674,KPO / Research / Analytics
19675,KPO / Research / Analytics
19676,KPO / Research / Analytics
19677,KPO / Research / Analytics
19678,KPO / Research / Analytics
19679,KPO / Research / Analytics
19680,KPO / Research / Analytics
19681,KPO / Research / Analytics
19682,KPO / Research / Analytics
19683,KPO / Research / Analytics
19684,KPO / Research / Analytics
19685,KPO / Research / Analytics
19686,KPO / Research / Analytics
19687,KPO / Research / Analytics
19688,KPO / Research / Analytics
19689,KPO / Research / Analytics
19690,KPO / Research / Analytics
19691,KPO / Research / Analytics
19692,KPO / Research / Analytics
19693,KPO / Research / Analytics
19694,KPO / Research / Analytics
19695,KPO / Research / Analytics
19696,KPO / Research / Analytics
19697,KPO / Research / Analytics
19698,KPO / Research / Analytics
19699,KPO / Research / Analytics
19700,KPO / Research / Analytics
19701,KPO / Research / Analytics
19702,KPO / Research / Analytics
19703,BPO / Call Centre / ITES
19704,BPO / Call Centre / ITES
19705,BPO / Call Centre / ITES
19706,BPO / Call Centre / ITES
19707,BPO / Call Centre / ITES
19708,BPO / Call Centre / ITES
19709,BPO / Call Centre / ITES
19710,BPO / Call Centre / ITES
19711,BPO / Call Centre / ITES
19712,BPO / Call Centre / ITES
19713,BPO / Call Centre / ITES
19714,BPO / Call Centre / ITES
19715,BPO / Call Centre / ITES
19716,BPO / Call Centre / ITES
19717,BPO / Call Centre / ITES
19718,BPO / Call Centre / ITES
19719,BPO / Call Centre / ITES
19720,BPO / Call Centre / ITES
19721,BPO / Call Centre / ITES
19722,BPO / Call Centre / ITES
19723,BPO / Call Centre / ITES
19724,BPO / Call Centre / ITES
19725,BPO / Call Centre / ITES
19726,BPO / Call Centre / ITES
19727,BPO / Call Centre / ITES
19728,BPO / Call Centre / ITES
19729,BPO / Call Centre / ITES
19730,BPO / Call Centre / ITES
19731,BPO / Call Centre / ITES
19732,BPO / Call Centre / ITES
19733,BPO / Call Centre / ITES
19734,BPO / Call Centre / ITES
19735,BPO / Call Centre / ITES
19736,BPO / Call Centre / ITES
19737,BPO / Call Centre / ITES
19738,BPO / Call Centre / ITES
19739,BPO / Call Centre / ITES
19740,BPO / Call Centre / ITES
19741,BPO / Call Centre / ITES
19742,BPO / Call Centre / ITES
19743,BPO / Call Centre / ITES
19744,BPO / Call Centre / ITES
19745,BPO / Call Centre / ITES
19746,BPO / Call Centre / ITES
19747,BPO / Call Centre / ITES
19748,BPO / Call Centre / ITES
19749,BPO / Call Centre / ITES
19750,BPO / Call Centre / ITES
19751,BPO / Call Centre / ITES
19752,BPO / Call Centre / ITES
19753,BPO / Call Centre / ITES
19754,BPO / Call Centre / ITES
19755,BPO / Call Centre / ITES
19756,BPO / Call Centre / ITES
19757,BPO / Call Centre / ITES
19758,BPO / Call Centre / ITES
19759,BPO / Call Centre / ITES
19760,BPO / Call Centre / ITES
19761,BPO / Call Centre / ITES
19762,BPO / Call Centre / ITES
19763,BPO / Call Centre / ITES
19764,BPO / Call Centre / ITES
19765,BPO / Call Centre / ITES
19766,BPO / Call Centre / ITES
19767,BPO / Call Centre / ITES
19768,BPO / Call Centre / ITES
19769,BPO / Call Centre / ITES
19770,BPO / Call Centre / ITES
19771,BPO / Call Centre / ITES
19772,BPO / Call Centre / ITES
19773,BPO / Call Centre / ITES
19774,BPO / Call Centre / ITES
19775,BPO / Call Centre / ITES
19776,BPO / Call Centre / ITES
19777,BPO / Call Centre / ITES
19778,BPO / Call Centre / ITES
19779,BPO / Call Centre / ITES
19780,BPO / Call Centre / ITES
19781,BPO / Call Centre / ITES
19782,BPO / Call Centre / ITES
19783,BPO / Call Centre / ITES
19784,BPO / Call Centre / ITES
19785,BPO / Call Centre / ITES
19786,BPO / Call Centre / ITES
19787,BPO / Call Centre / ITES
19788,BPO / Call Centre / ITES
19789,BPO / Call Centre / ITES
19790,BPO / Call Centre / ITES
19791,BPO / Call Centre / ITES
19792,BPO / Call Centre / ITES
19793,BPO / Call Centre / ITES
19794,BPO / Call Centre / ITES
19795,BPO / Call Centre / ITES
19796,BPO / Call Centre / ITES
19797,BPO / Call Centre / ITES
19798,BPO / Call Centre / ITES
19799,BPO / Call Centre / ITES
19800,BPO / Call Centre / ITES
19801,BPO / Call Centre / ITES
19802,BPO / Call Centre / ITES
19803,BPO / Call Centre / ITES
19804,BPO / Call Centre / ITES
19805,BPO / Call Centre / ITES
19806,BPO / Call Centre / ITES
19807,BPO / Call Centre / ITES
19808,BPO / Call Centre / ITES
19809,BPO / Call Centre / ITES
19810,BPO / Call Centre / ITES
19811,BPO / Call Centre / ITES
19812,BPO / Call Centre / ITES
19813,BPO / Call Centre / ITES
19814,BPO / Call Centre / ITES
19815,BPO / Call Centre / ITES
19816,BPO / Call Centre / ITES
19817,BPO / Call Centre / ITES
19818,BPO / Call Centre / ITES
19819,BPO / Call Centre / ITES
19820,BPO / Call Centre / ITES
19821,BPO / Call Centre / ITES
19822,BPO / Call Centre / ITES
19823,BPO / Call Centre / ITES
19824,BPO / Call Centre / ITES
19825,BPO / Call Centre / ITES
19826,BPO / Call Centre / ITES
19827,BPO / Call Centre / ITES
19828,BPO / Call Centre / ITES
19829,BPO / Call Centre / ITES
19830,BPO / Call Centre / ITES
19831,BPO / Call Centre / ITES
19832,BPO / Call Centre / ITES
19833,BPO / Call Centre / ITES
19834,BPO / Call Centre / ITES
19835,BPO / Call Centre / ITES
19836,BPO / Call Centre / ITES
19837,BPO / Call Centre / ITES
19838,BPO / Call Centre / ITES
19839,BPO / Call Centre / ITES
19840,BPO / Call Centre / ITES
19841,BPO / Call Centre / ITES
19842,BPO / Call Centre / ITES
19843,BPO / Call Centre / ITES
19844,BPO / Call Centre / ITES
19845,BPO / Call Centre / ITES
19846,BPO / Call Centre / ITES
19847,BPO / Call Centre / ITES
19848,BPO / Call Centre / ITES
19849,BPO / Call Centre / ITES
19850,BPO / Call Centre / ITES
19851,BPO / Call Centre / ITES
19852,BPO / Call Centre / ITES
19853,BPO / Call Centre / ITES
19854,BPO / Call Centre / ITES
19855,BPO / Call Centre / ITES
19856,BPO / Call Centre / ITES
19857,BPO / Call Centre / ITES
19858,BPO / Call Centre / ITES
19859,BPO / Call Centre / ITES
19860,BPO / Call Centre / ITES
19861,BPO / Call Centre / ITES
19862,BPO / Call Centre / ITES
19863,BPO / Call Centre / ITES
19864,BPO / Call Centre / ITES
19865,BPO / Call Centre / ITES
19866,BPO / Call Centre / ITES
19867,BPO / Call Centre / ITES
19868,BPO / Call Centre / ITES
19869,BPO / Call Centre / ITES
19870,BPO / Call Centre / ITES
19871,BPO / Call Centre / ITES
19872,BPO / Call Centre / ITES
19873,BPO / Call Centre / ITES
19874,BPO / Call Centre / ITES
19875,BPO / Call Centre / ITES
19876,BPO / Call Centre / ITES
19877,BPO / Call Centre / ITES
19878,BPO / Call Centre / ITES
19879,BPO / Call Centre / ITES
19880,BPO / Call Centre / ITES
19881,BPO / Call Centre / ITES
19882,BPO / Call Centre / ITES
19883,BPO / Call Centre / ITES
19884,BPO / Call Centre / ITES
19885,BPO / Call Centre / ITES
19886,BPO / Call Centre / ITES
19887,BPO / Call Centre / ITES
19888,BPO / Call Centre / ITES
19889,BPO / Call Centre / ITES
19890,BPO / Call Centre / ITES
19891,BPO / Call Centre / ITES
19892,BPO / Call Centre / ITES
19893,BPO / Call Centre / ITES
19894,BPO / Call Centre / ITES
19895,BPO / Call Centre / ITES
19896,BPO / Call Centre / ITES
19897,BPO / Call Centre / ITES
19898,BPO / Call Centre / ITES
19899,BPO / Call Centre / ITES
19900,BPO / Call Centre / ITES
19901,BPO / Call Centre / ITES
19902,BPO / Call Centre / ITES
19903,BPO / Call Centre / ITES
19904,BPO / Call Centre / ITES
19905,BPO / Call Centre / ITES
19906,BPO / Call Centre / ITES
19907,BPO / Call Centre / ITES
19908,BPO / Call Centre / ITES
19909,BPO / Call Centre / ITES
19910,BPO / Call Centre / ITES
19911,BPO / Call Centre / ITES
19912,BPO / Call Centre / ITES
19913,BPO / Call Centre / ITES
19914,BPO / Call Centre / ITES
19915,BPO / Call Centre / ITES
19916,BPO / Call Centre / ITES
19917,BPO / Call Centre / ITES
19918,BPO / Call Centre / ITES
19919,BPO / Call Centre / ITES
19920,BPO / Call Centre / ITES
19921,BPO / Call Centre / ITES
19922,BPO / Call Centre / ITES
19923,BPO / Call Centre / ITES
19924,BPO / Call Centre / ITES
19925,BPO / Call Centre / ITES
19926,BPO / Call Centre / ITES
19927,BPO / Call Centre / ITES
19928,BPO / Call Centre / ITES
19929,BPO / Call Centre / ITES
19930,BPO / Call Centre / ITES
19931,BPO / Call Centre / ITES
19932,BPO / Call Centre / ITES
19933,BPO / Call Centre / ITES
19934,BPO / Call Centre / ITES
19935,BPO / Call Centre / ITES
19936,BPO / Call Centre / ITES
19937,BPO / Call Centre / ITES
19938,BPO / Call Centre / ITES
19939,BPO / Call Centre / ITES
19940,BPO / Call Centre / ITES
19941,BPO / Call Centre / ITES
19942,BPO / Call Centre / ITES
19943,BPO / Call Centre / ITES
19944,BPO / Call Centre / ITES
19945,BPO / Call Centre / ITES
19946,BPO / Call Centre / ITES
19947,BPO / Call Centre / ITES
19948,BPO / Call Centre / ITES
19949,BPO / Call Centre / ITES
19950,BPO / Call Centre / ITES
19951,BPO / Call Centre / ITES
19952,BPO / Call Centre / ITES
19953,BPO / Call Centre / ITES
19954,BPO / Call Centre / ITES
19955,BPO / Call Centre / ITES
19956,BPO / Call Centre / ITES
19957,BPO / Call Centre / ITES
19958,BPO / Call Centre / ITES
19959,BPO / Call Centre / ITES
19960,BPO / Call Centre / ITES
19961,BPO / Call Centre / ITES
19962,BPO / Call Centre / ITES
19963,BPO / Call Centre / ITES
19964,BPO / Call Centre / ITES
19965,BPO / Call Centre / ITES
19966,BPO / Call Centre / ITES
19967,BPO / Call Centre / ITES
19968,BPO / Call Centre / ITES
19969,BPO / Call Centre / ITES
19970,BPO / Call Centre / ITES
19971,BPO / Call Centre / ITES
19972,BPO / Call Centre / ITES
19973,BPO / Call Centre / ITES
19974,BPO / Call Centre / ITES
19975,BPO / Call Centre / ITES
19976,BPO / Call Centre / ITES
19977,BPO / Call Centre / ITES
19978,BPO / Call Centre / ITES
19979,BPO / Call Centre / ITES
19980,BPO / Call Centre / ITES
19981,BPO / Call Centre / ITES
19982,BPO / Call Centre / ITES
19983,BPO / Call Centre / ITES
19984,BPO / Call Centre / ITES
19985,BPO / Call Centre / ITES
19986,BPO / Call Centre / ITES
19987,BPO / Call Centre / ITES
19988,BPO / Call Centre / ITES
19989,BPO / Call Centre / ITES
19990,BPO / Call Centre / ITES
19991,BPO / Call Centre / ITES
19992,BPO / Call Centre / ITES
19993,BPO / Call Centre / ITES
19994,BPO / Call Centre / ITES
19995,BPO / Call Centre / ITES
19996,BPO / Call Centre / ITES
19997,BPO / Call Centre / ITES
19998,BPO / Call Centre / ITES
19999,BPO / Call Centre / ITES
20000,BPO / Call Centre / ITES
20001,BPO / Call Centre / ITES
20002,BPO / Call Centre / ITES
20003,BPO / Call Centre / ITES
20004,BPO / Call Centre / ITES
20005,BPO / Call Centre / ITES
20006,BPO / Call Centre / ITES
20007,BPO / Call Centre / ITES
20008,BPO / Call Centre / ITES
20009,BPO / Call Centre / ITES
20010,BPO / Call Centre / ITES
20011,BPO / Call Centre / ITES
20012,BPO / Call Centre / ITES
20013,BPO / Call Centre / ITES
20014,BPO / Call Centre / ITES
20015,BPO / Call Centre / ITES
20016,BPO / Call Centre / ITES
20017,BPO / Call Centre / ITES
20018,BPO / Call Centre / ITES
20019,BPO / Call Centre / ITES
20020,BPO / Call Centre / ITES
20021,BPO / Call Centre / ITES
20022,BPO / Call Centre / ITES
20023,BPO / Call Centre / ITES
20024,BPO / Call Centre / ITES
20025,BPO / Call Centre / ITES
20026,BPO / Call Centre / ITES
20027,BPO / Call Centre / ITES
20028,BPO / Call Centre / ITES
20029,BPO / Call Centre / ITES
20030,BPO / Call Centre / ITES
20031,BPO / Call Centre / ITES
20032,BPO / Call Centre / ITES
20033,BPO / Call Centre / ITES
20034,BPO / Call Centre / ITES
20035,BPO / Call Centre / ITES
20036,BPO / Call Centre / ITES
20037,BPO / Call Centre / ITES
20038,BPO / Call Centre / ITES
20039,BPO / Call Centre / ITES
20040,BPO / Call Centre / ITES
20041,BPO / Call Centre / ITES
20042,BPO / Call Centre / ITES
20043,BPO / Call Centre / ITES
20044,BPO / Call Centre / ITES
20045,BPO / Call Centre / ITES
20046,BPO / Call Centre / ITES
20047,BPO / Call Centre / ITES
20048,BPO / Call Centre / ITES
20049,BPO / Call Centre / ITES
20050,BPO / Call Centre / ITES
20051,BPO / Call Centre / ITES
20052,BPO / Call Centre / ITES
20053,BPO / Call Centre / ITES
20054,BPO / Call Centre / ITES
20055,BPO / Call Centre / ITES
20056,BPO / Call Centre / ITES
20057,BPO / Call Centre / ITES
20058,BPO / Call Centre / ITES
20059,BPO / Call Centre / ITES
20060,BPO / Call Centre / ITES
20061,BPO / Call Centre / ITES
20062,BPO / Call Centre / ITES
20063,BPO / Call Centre / ITES
20064,BPO / Call Centre / ITES
20065,BPO / Call Centre / ITES
20066,BPO / Call Centre / ITES
20067,BPO / Call Centre / ITES
20068,BPO / Call Centre / ITES
20069,BPO / Call Centre / ITES
20070,BPO / Call Centre / ITES
20071,BPO / Call Centre / ITES
20072,BPO / Call Centre / ITES
20073,BPO / Call Centre / ITES
20074,BPO / Call Centre / ITES
20075,BPO / Call Centre / ITES
20076,BPO / Call Centre / ITES
20077,BPO / Call Centre / ITES
20078,BPO / Call Centre / ITES
20079,BPO / Call Centre / ITES
20080,BPO / Call Centre / ITES
20081,BPO / Call Centre / ITES
20082,BPO / Call Centre / ITES
20083,BPO / Call Centre / ITES
20084,BPO / Call Centre / ITES
20085,BPO / Call Centre / ITES
20086,BPO / Call Centre / ITES
20087,BPO / Call Centre / ITES
20088,BPO / Call Centre / ITES
20089,BPO / Call Centre / ITES
20090,BPO / Call Centre / ITES
20091,BPO / Call Centre / ITES
20092,BPO / Call Centre / ITES
20093,BPO / Call Centre / ITES
20094,BPO / Call Centre / ITES
20095,BPO / Call Centre / ITES
20096,BPO / Call Centre / ITES
20097,BPO / Call Centre / ITES
20098,BPO / Call Centre / ITES
20099,BPO / Call Centre / ITES
20100,BPO / Call Centre / ITES
20101,BPO / Call Centre / ITES
20102,BPO / Call Centre / ITES
20103,BPO / Call Centre / ITES
20104,BPO / Call Centre / ITES
20105,BPO / Call Centre / ITES
20106,BPO / Call Centre / ITES
20107,BPO / Call Centre / ITES
20108,BPO / Call Centre / ITES
20109,BPO / Call Centre / ITES
20110,BPO / Call Centre / ITES
20111,BPO / Call Centre / ITES
20112,BPO / Call Centre / ITES
20113,BPO / Call Centre / ITES
20114,BPO / Call Centre / ITES
20115,BPO / Call Centre / ITES
20116,BPO / Call Centre / ITES
20117,BPO / Call Centre / ITES
20118,BPO / Call Centre / ITES
20119,BPO / Call Centre / ITES
20120,BPO / Call Centre / ITES
20121,BPO / Call Centre / ITES
20122,BPO / Call Centre / ITES
20123,BPO / Call Centre / ITES
20124,BPO / Call Centre / ITES
20125,BPO / Call Centre / ITES
20126,BPO / Call Centre / ITES
20127,BPO / Call Centre / ITES
20128,BPO / Call Centre / ITES
20129,BPO / Call Centre / ITES
20130,BPO / Call Centre / ITES
20131,BPO / Call Centre / ITES
20132,BPO / Call Centre / ITES
20133,BPO / Call Centre / ITES
20134,BPO / Call Centre / ITES
20135,BPO / Call Centre / ITES
20136,BPO / Call Centre / ITES
20137,BPO / Call Centre / ITES
20138,BPO / Call Centre / ITES
20139,BPO / Call Centre / ITES
20140,BPO / Call Centre / ITES
20141,BPO / Call Centre / ITES
20142,BPO / Call Centre / ITES
20143,BPO / Call Centre / ITES
20144,BPO / Call Centre / ITES
20145,BPO / Call Centre / ITES
20146,BPO / Call Centre / ITES
20147,BPO / Call Centre / ITES
20148,BPO / Call Centre / ITES
20149,BPO / Call Centre / ITES
20150,BPO / Call Centre / ITES
20151,BPO / Call Centre / ITES
20152,BPO / Call Centre / ITES
20153,BPO / Call Centre / ITES
20154,BPO / Call Centre / ITES
20155,BPO / Call Centre / ITES
20156,BPO / Call Centre / ITES
20157,BPO / Call Centre / ITES
20158,BPO / Call Centre / ITES
20159,BPO / Call Centre / ITES
20160,BPO / Call Centre / ITES
20161,BPO / Call Centre / ITES
20162,BPO / Call Centre / ITES
20163,BPO / Call Centre / ITES
20164,BPO / Call Centre / ITES
20165,BPO / Call Centre / ITES
20166,BPO / Call Centre / ITES
20167,BPO / Call Centre / ITES
20168,BPO / Call Centre / ITES
20169,BPO / Call Centre / ITES
20170,BPO / Call Centre / ITES
20171,BPO / Call Centre / ITES
20172,BPO / Call Centre / ITES
20173,BPO / Call Centre / ITES
20174,BPO / Call Centre / ITES
20175,BPO / Call Centre / ITES
20176,BPO / Call Centre / ITES
20177,BPO / Call Centre / ITES
20178,BPO / Call Centre / ITES
20179,BPO / Call Centre / ITES
20180,BPO / Call Centre / ITES
20181,BPO / Call Centre / ITES
20182,BPO / Call Centre / ITES
20183,BPO / Call Centre / ITES
20184,BPO / Call Centre / ITES
20185,BPO / Call Centre / ITES
20186,BPO / Call Centre / ITES
20187,BPO / Call Centre / ITES
20188,BPO / Call Centre / ITES
20189,BPO / Call Centre / ITES
20190,BPO / Call Centre / ITES
20191,BPO / Call Centre / ITES
20192,BPO / Call Centre / ITES
20193,BPO / Call Centre / ITES
20194,BPO / Call Centre / ITES
20195,BPO / Call Centre / ITES
20196,BPO / Call Centre / ITES
20197,BPO / Call Centre / ITES
20198,BPO / Call Centre / ITES
20199,BPO / Call Centre / ITES
20200,BPO / Call Centre / ITES
20201,BPO / Call Centre / ITES
20202,BPO / Call Centre / ITES
20203,BPO / Call Centre / ITES
20204,BPO / Call Centre / ITES
20205,BPO / Call Centre / ITES
20206,BPO / Call Centre / ITES
20207,BPO / Call Centre / ITES
20208,BPO / Call Centre / ITES
20209,BPO / Call Centre / ITES
20210,BPO / Call Centre / ITES
20211,BPO / Call Centre / ITES
20212,BPO / Call Centre / ITES
20213,BPO / Call Centre / ITES
20214,BPO / Call Centre / ITES
20215,BPO / Call Centre / ITES
20216,BPO / Call Centre / ITES
20217,BPO / Call Centre / ITES
20218,BPO / Call Centre / ITES
20219,BPO / Call Centre / ITES
20220,BPO / Call Centre / ITES
20221,BPO / Call Centre / ITES
20222,BPO / Call Centre / ITES
20223,BPO / Call Centre / ITES
20224,BPO / Call Centre / ITES
20225,BPO / Call Centre / ITES
20226,BPO / Call Centre / ITES
20227,BPO / Call Centre / ITES
20228,BPO / Call Centre / ITES
20229,BPO / Call Centre / ITES
20230,BPO / Call Centre / ITES
20231,BPO / Call Centre / ITES
20232,BPO / Call Centre / ITES
20233,BPO / Call Centre / ITES
20234,BPO / Call Centre / ITES
20235,BPO / Call Centre / ITES
20236,BPO / Call Centre / ITES
20237,BPO / Call Centre / ITES
20238,BPO / Call Centre / ITES
20239,BPO / Call Centre / ITES
20240,BPO / Call Centre / ITES
20241,BPO / Call Centre / ITES
20242,BPO / Call Centre / ITES
20243,BPO / Call Centre / ITES
20244,BPO / Call Centre / ITES
20245,BPO / Call Centre / ITES
20246,BPO / Call Centre / ITES
20247,BPO / Call Centre / ITES
20248,BPO / Call Centre / ITES
20249,BPO / Call Centre / ITES
20250,BPO / Call Centre / ITES
20251,BPO / Call Centre / ITES
20252,BPO / Call Centre / ITES
20253,BPO / Call Centre / ITES
20254,BPO / Call Centre / ITES
20255,BPO / Call Centre / ITES
20256,BPO / Call Centre / ITES
20257,BPO / Call Centre / ITES
20258,BPO / Call Centre / ITES
20259,BPO / Call Centre / ITES
20260,BPO / Call Centre / ITES
20261,BPO / Call Centre / ITES
20262,BPO / Call Centre / ITES
20263,BPO / Call Centre / ITES
20264,BPO / Call Centre / ITES
20265,BPO / Call Centre / ITES
20266,BPO / Call Centre / ITES
20267,BPO / Call Centre / ITES
20268,BPO / Call Centre / ITES
20269,BPO / Call Centre / ITES
20270,BPO / Call Centre / ITES
20271,BPO / Call Centre / ITES
20272,BPO / Call Centre / ITES
20273,BPO / Call Centre / ITES
20274,BPO / Call Centre / ITES
20275,BPO / Call Centre / ITES
20276,BPO / Call Centre / ITES
20277,BPO / Call Centre / ITES
20278,BPO / Call Centre / ITES
20279,BPO / Call Centre / ITES
20280,BPO / Call Centre / ITES
20281,BPO / Call Centre / ITES
20282,BPO / Call Centre / ITES
20283,BPO / Call Centre / ITES
20284,BPO / Call Centre / ITES
20285,BPO / Call Centre / ITES
20286,BPO / Call Centre / ITES
20287,BPO / Call Centre / ITES
20288,BPO / Call Centre / ITES
20289,BPO / Call Centre / ITES
20290,BPO / Call Centre / ITES
20291,BPO / Call Centre / ITES
20292,BPO / Call Centre / ITES
20293,BPO / Call Centre / ITES
20294,BPO / Call Centre / ITES
20295,BPO / Call Centre / ITES
20296,BPO / Call Centre / ITES
20297,BPO / Call Centre / ITES
20298,BPO / Call Centre / ITES
20299,BPO / Call Centre / ITES
20300,BPO / Call Centre / ITES
20301,BPO / Call Centre / ITES
20302,BPO / Call Centre / ITES
20303,BPO / Call Centre / ITES
20304,BPO / Call Centre / ITES
20305,BPO / Call Centre / ITES
20306,BPO / Call Centre / ITES
20307,BPO / Call Centre / ITES
20308,BPO / Call Centre / ITES
20309,BPO / Call Centre / ITES
20310,BPO / Call Centre / ITES
20311,BPO / Call Centre / ITES
20312,BPO / Call Centre / ITES
20313,BPO / Call Centre / ITES
20314,BPO / Call Centre / ITES
20315,BPO / Call Centre / ITES
20316,BPO / Call Centre / ITES
20317,BPO / Call Centre / ITES
20318,BPO / Call Centre / ITES
20319,BPO / Call Centre / ITES
20320,BPO / Call Centre / ITES
20321,BPO / Call Centre / ITES
20322,BPO / Call Centre / ITES
20323,BPO / Call Centre / ITES
20324,BPO / Call Centre / ITES
20325,BPO / Call Centre / ITES
20326,BPO / Call Centre / ITES
20327,BPO / Call Centre / ITES
20328,BPO / Call Centre / ITES
20329,BPO / Call Centre / ITES
20330,BPO / Call Centre / ITES
20331,BPO / Call Centre / ITES
20332,BPO / Call Centre / ITES
20333,BPO / Call Centre / ITES
20334,BPO / Call Centre / ITES
20335,BPO / Call Centre / ITES
20336,BPO / Call Centre / ITES
20337,BPO / Call Centre / ITES
20338,BPO / Call Centre / ITES
20339,BPO / Call Centre / ITES
20340,BPO / Call Centre / ITES
20341,BPO / Call Centre / ITES
20342,BPO / Call Centre / ITES
20343,BPO / Call Centre / ITES
20344,BPO / Call Centre / ITES
20345,BPO / Call Centre / ITES
20346,BPO / Call Centre / ITES
20347,BPO / Call Centre / ITES
20348,BPO / Call Centre / ITES
20349,BPO / Call Centre / ITES
20350,BPO / Call Centre / ITES
20351,BPO / Call Centre / ITES
20352,BPO / Call Centre / ITES
20353,BPO / Call Centre / ITES
20354,BPO / Call Centre / ITES
20355,BPO / Call Centre / ITES
20356,BPO / Call Centre / ITES
20357,BPO / Call Centre / ITES
20358,BPO / Call Centre / ITES
20359,BPO / Call Centre / ITES
20360,BPO / Call Centre / ITES
20361,BPO / Call Centre / ITES
20362,BPO / Call Centre / ITES
20363,BPO / Call Centre / ITES
20364,BPO / Call Centre / ITES
20365,BPO / Call Centre / ITES
20366,BPO / Call Centre / ITES
20367,BPO / Call Centre / ITES
20368,BPO / Call Centre / ITES
20369,BPO / Call Centre / ITES
20370,BPO / Call Centre / ITES
20371,BPO / Call Centre / ITES
20372,BPO / Call Centre / ITES
20373,BPO / Call Centre / ITES
20374,BPO / Call Centre / ITES
20375,BPO / Call Centre / ITES
20376,BPO / Call Centre / ITES
20377,BPO / Call Centre / ITES
20378,BPO / Call Centre / ITES
20379,BPO / Call Centre / ITES
20380,BPO / Call Centre / ITES
20381,BPO / Call Centre / ITES
20382,BPO / Call Centre / ITES
20383,BPO / Call Centre / ITES
20384,BPO / Call Centre / ITES
20385,BPO / Call Centre / ITES
20386,BPO / Call Centre / ITES
20387,BPO / Call Centre / ITES
20388,BPO / Call Centre / ITES
20389,BPO / Call Centre / ITES
20390,BPO / Call Centre / ITES
20391,BPO / Call Centre / ITES
20392,BPO / Call Centre / ITES
20393,BPO / Call Centre / ITES
20394,BPO / Call Centre / ITES
20395,BPO / Call Centre / ITES
20396,BPO / Call Centre / ITES
20397,BPO / Call Centre / ITES
20398,BPO / Call Centre / ITES
20399,BPO / Call Centre / ITES
20400,BPO / Call Centre / ITES
20401,BPO / Call Centre / ITES
20402,BPO / Call Centre / ITES
20403,BPO / Call Centre / ITES
20404,BPO / Call Centre / ITES
20405,BPO / Call Centre / ITES
20406,BPO / Call Centre / ITES
20407,BPO / Call Centre / ITES
20408,BPO / Call Centre / ITES
20409,BPO / Call Centre / ITES
20410,BPO / Call Centre / ITES
20411,BPO / Call Centre / ITES
20412,BPO / Call Centre / ITES
20413,BPO / Call Centre / ITES
20414,BPO / Call Centre / ITES
20415,BPO / Call Centre / ITES
20416,BPO / Call Centre / ITES
20417,BPO / Call Centre / ITES
20418,BPO / Call Centre / ITES
20419,BPO / Call Centre / ITES
20420,BPO / Call Centre / ITES
20421,BPO / Call Centre / ITES
20422,BPO / Call Centre / ITES
20423,BPO / Call Centre / ITES
20424,BPO / Call Centre / ITES
20425,BPO / Call Centre / ITES
20426,BPO / Call Centre / ITES
20427,BPO / Call Centre / ITES
20428,BPO / Call Centre / ITES
20429,BPO / Call Centre / ITES
20430,BPO / Call Centre / ITES
20431,BPO / Call Centre / ITES
20432,BPO / Call Centre / ITES
20433,BPO / Call Centre / ITES
20434,BPO / Call Centre / ITES
20435,BPO / Call Centre / ITES
20436,BPO / Call Centre / ITES
20437,BPO / Call Centre / ITES
20438,BPO / Call Centre / ITES
20439,BPO / Call Centre / ITES
20440,BPO / Call Centre / ITES
20441,BPO / Call Centre / ITES
20442,BPO / Call Centre / ITES
20443,BPO / Call Centre / ITES
20444,BPO / Call Centre / ITES
20445,BPO / Call Centre / ITES
20446,BPO / Call Centre / ITES
20447,BPO / Call Centre / ITES
20448,BPO / Call Centre / ITES
20449,BPO / Call Centre / ITES
20450,BPO / Call Centre / ITES
20451,BPO / Call Centre / ITES
20452,BPO / Call Centre / ITES
20453,BPO / Call Centre / ITES
20454,BPO / Call Centre / ITES
20455,BPO / Call Centre / ITES
20456,BPO / Call Centre / ITES
20457,BPO / Call Centre / ITES
20458,BPO / Call Centre / ITES
20459,BPO / Call Centre / ITES
20460,BPO / Call Centre / ITES
20461,BPO / Call Centre / ITES
20462,BPO / Call Centre / ITES
20463,BPO / Call Centre / ITES
20464,BPO / Call Centre / ITES
20465,BPO / Call Centre / ITES
20466,BPO / Call Centre / ITES
20467,BPO / Call Centre / ITES
20468,BPO / Call Centre / ITES
20469,BPO / Call Centre / ITES
20470,BPO / Call Centre / ITES
20471,BPO / Call Centre / ITES
20472,BPO / Call Centre / ITES
20473,BPO / Call Centre / ITES
20474,BPO / Call Centre / ITES
20475,BPO / Call Centre / ITES
20476,BPO / Call Centre / ITES
20477,BPO / Call Centre / ITES
20478,BPO / Call Centre / ITES
20479,BPO / Call Centre / ITES
20480,BPO / Call Centre / ITES
20481,BPO / Call Centre / ITES
20482,BPO / Call Centre / ITES
20483,BPO / Call Centre / ITES
20484,BPO / Call Centre / ITES
20485,BPO / Call Centre / ITES
20486,BPO / Call Centre / ITES
20487,BPO / Call Centre / ITES
20488,BPO / Call Centre / ITES
20489,BPO / Call Centre / ITES
20490,BPO / Call Centre / ITES
20491,BPO / Call Centre / ITES
20492,BPO / Call Centre / ITES
20493,BPO / Call Centre / ITES
20494,BPO / Call Centre / ITES
20495,BPO / Call Centre / ITES
20496,BPO / Call Centre / ITES
20497,BPO / Call Centre / ITES
20498,BPO / Call Centre / ITES
20499,BPO / Call Centre / ITES
20500,BPO / Call Centre / ITES
20501,BPO / Call Centre / ITES
20502,BPO / Call Centre / ITES
20503,BPO / Call Centre / ITES
20504,BPO / Call Centre / ITES
20505,BPO / Call Centre / ITES
20506,BPO / Call Centre / ITES
20507,BPO / Call Centre / ITES
20508,BPO / Call Centre / ITES
20509,BPO / Call Centre / ITES
20510,BPO / Call Centre / ITES
20511,BPO / Call Centre / ITES
20512,BPO / Call Centre / ITES
20513,BPO / Call Centre / ITES
20514,BPO / Call Centre / ITES
20515,BPO / Call Centre / ITES
20516,BPO / Call Centre / ITES
20517,BPO / Call Centre / ITES
20518,BPO / Call Centre / ITES
20519,BPO / Call Centre / ITES
20520,BPO / Call Centre / ITES
20521,BPO / Call Centre / ITES
20522,BPO / Call Centre / ITES
20523,BPO / Call Centre / ITES
20524,BPO / Call Centre / ITES
20525,BPO / Call Centre / ITES
20526,BPO / Call Centre / ITES
20527,BPO / Call Centre / ITES
20528,BPO / Call Centre / ITES
20529,BPO / Call Centre / ITES
20530,BPO / Call Centre / ITES
20531,BPO / Call Centre / ITES
20532,BPO / Call Centre / ITES
20533,BPO / Call Centre / ITES
20534,BPO / Call Centre / ITES
20535,BPO / Call Centre / ITES
20536,BPO / Call Centre / ITES
20537,BPO / Call Centre / ITES
20538,BPO / Call Centre / ITES
20539,BPO / Call Centre / ITES
20540,BPO / Call Centre / ITES
20541,BPO / Call Centre / ITES
20542,BPO / Call Centre / ITES
20543,BPO / Call Centre / ITES
20544,BPO / Call Centre / ITES
20545,BPO / Call Centre / ITES
20546,BPO / Call Centre / ITES
20547,BPO / Call Centre / ITES
20548,BPO / Call Centre / ITES
20549,BPO / Call Centre / ITES
20550,BPO / Call Centre / ITES
20551,BPO / Call Centre / ITES
20552,BPO / Call Centre / ITES
20553,BPO / Call Centre / ITES
20554,BPO / Call Centre / ITES
20555,BPO / Call Centre / ITES
20556,BPO / Call Centre / ITES
20557,BPO / Call Centre / ITES
20558,BPO / Call Centre / ITES
20559,BPO / Call Centre / ITES
20560,BPO / Call Centre / ITES
20561,BPO / Call Centre / ITES
20562,BPO / Call Centre / ITES
20563,BPO / Call Centre / ITES
20564,BPO / Call Centre / ITES
20565,BPO / Call Centre / ITES
20566,BPO / Call Centre / ITES
20567,BPO / Call Centre / ITES
20568,BPO / Call Centre / ITES
20569,BPO / Call Centre / ITES
20570,BPO / Call Centre / ITES
20571,BPO / Call Centre / ITES
20572,BPO / Call Centre / ITES
20573,BPO / Call Centre / ITES
20574,BPO / Call Centre / ITES
20575,BPO / Call Centre / ITES
20576,BPO / Call Centre / ITES
20577,BPO / Call Centre / ITES
20578,BPO / Call Centre / ITES
20579,BPO / Call Centre / ITES
20580,BPO / Call Centre / ITES
20581,BPO / Call Centre / ITES
20582,BPO / Call Centre / ITES
20583,BPO / Call Centre / ITES
20584,BPO / Call Centre / ITES
20585,BPO / Call Centre / ITES
20586,BPO / Call Centre / ITES
20587,BPO / Call Centre / ITES
20588,BPO / Call Centre / ITES
20589,BPO / Call Centre / ITES
20590,BPO / Call Centre / ITES
20591,BPO / Call Centre / ITES
20592,BPO / Call Centre / ITES
20593,BPO / Call Centre / ITES
20594,BPO / Call Centre / ITES
20595,BPO / Call Centre / ITES
20596,BPO / Call Centre / ITES
20597,BPO / Call Centre / ITES
20598,BPO / Call Centre / ITES
20599,BPO / Call Centre / ITES
20600,BPO / Call Centre / ITES
20601,BPO / Call Centre / ITES
20602,BPO / Call Centre / ITES
20603,BPO / Call Centre / ITES
20604,BPO / Call Centre / ITES
20605,BPO / Call Centre / ITES
20606,BPO / Call Centre / ITES
20607,BPO / Call Centre / ITES
20608,BPO / Call Centre / ITES
20609,BPO / Call Centre / ITES
20610,BPO / Call Centre / ITES
20611,BPO / Call Centre / ITES
20612,BPO / Call Centre / ITES
20613,BPO / Call Centre / ITES
20614,BPO / Call Centre / ITES
20615,BPO / Call Centre / ITES
20616,BPO / Call Centre / ITES
20617,BPO / Call Centre / ITES
20618,BPO / Call Centre / ITES
20619,BPO / Call Centre / ITES
20620,BPO / Call Centre / ITES
20621,BPO / Call Centre / ITES
20622,BPO / Call Centre / ITES
20623,BPO / Call Centre / ITES
20624,BPO / Call Centre / ITES
20625,BPO / Call Centre / ITES
20626,BPO / Call Centre / ITES
20627,BPO / Call Centre / ITES
20628,BPO / Call Centre / ITES
20629,BPO / Call Centre / ITES
20630,BPO / Call Centre / ITES
20631,BPO / Call Centre / ITES
20632,BPO / Call Centre / ITES
20633,BPO / Call Centre / ITES
20634,BPO / Call Centre / ITES
20635,BPO / Call Centre / ITES
20636,BPO / Call Centre / ITES
20637,BPO / Call Centre / ITES
20638,BPO / Call Centre / ITES
20639,BPO / Call Centre / ITES
20640,BPO / Call Centre / ITES
20641,BPO / Call Centre / ITES
20642,BPO / Call Centre / ITES
20643,BPO / Call Centre / ITES
20644,BPO / Call Centre / ITES
20645,BPO / Call Centre / ITES
20646,BPO / Call Centre / ITES
20647,BPO / Call Centre / ITES
20648,BPO / Call Centre / ITES
20649,BPO / Call Centre / ITES
20650,BPO / Call Centre / ITES
20651,BPO / Call Centre / ITES
20652,BPO / Call Centre / ITES
20653,BPO / Call Centre / ITES
20654,BPO / Call Centre / ITES
20655,BPO / Call Centre / ITES
20656,BPO / Call Centre / ITES
20657,BPO / Call Centre / ITES
20658,BPO / Call Centre / ITES
20659,BPO / Call Centre / ITES
20660,BPO / Call Centre / ITES
20661,BPO / Call Centre / ITES
20662,BPO / Call Centre / ITES
20663,BPO / Call Centre / ITES
20664,BPO / Call Centre / ITES
20665,BPO / Call Centre / ITES
20666,BPO / Call Centre / ITES
20667,BPO / Call Centre / ITES
20668,BPO / Call Centre / ITES
20669,BPO / Call Centre / ITES
20670,BPO / Call Centre / ITES
20671,BPO / Call Centre / ITES
20672,BPO / Call Centre / ITES
20673,BPO / Call Centre / ITES
20674,BPO / Call Centre / ITES
20675,BPO / Call Centre / ITES
20676,BPO / Call Centre / ITES
20677,BPO / Call Centre / ITES
20678,BPO / Call Centre / ITES
20679,BPO / Call Centre / ITES
20680,BPO / Call Centre / ITES
20681,BPO / Call Centre / ITES
20682,BPO / Call Centre / ITES
20683,BPO / Call Centre / ITES
20684,BPO / Call Centre / ITES
20685,BPO / Call Centre / ITES
20686,BPO / Call Centre / ITES
20687,BPO / Call Centre / ITES
20688,BPO / Call Centre / ITES
20689,BPO / Call Centre / ITES
20690,BPO / Call Centre / ITES
20691,BPO / Call Centre / ITES
20692,BPO / Call Centre / ITES
20693,BPO / Call Centre / ITES
20694,BPO / Call Centre / ITES
20695,BPO / Call Centre / ITES
20696,BPO / Call Centre / ITES
20697,BPO / Call Centre / ITES
20698,BPO / Call Centre / ITES
20699,BPO / Call Centre / ITES
20700,BPO / Call Centre / ITES
20701,BPO / Call Centre / ITES
20702,BPO / Call Centre / ITES
20703,BPO / Call Centre / ITES
20704,BPO / Call Centre / ITES
20705,BPO / Call Centre / ITES
20706,BPO / Call Centre / ITES
20707,BPO / Call Centre / ITES
20708,BPO / Call Centre / ITES
20709,BPO / Call Centre / ITES
20710,BPO / Call Centre / ITES
20711,BPO / Call Centre / ITES
20712,BPO / Call Centre / ITES
20713,BPO / Call Centre / ITES
20714,BPO / Call Centre / ITES
20715,BPO / Call Centre / ITES
20716,BPO / Call Centre / ITES
20717,BPO / Call Centre / ITES
20718,BPO / Call Centre / ITES
20719,BPO / Call Centre / ITES
20720,BPO / Call Centre / ITES
20721,BPO / Call Centre / ITES
20722,BPO / Call Centre / ITES
20723,BPO / Call Centre / ITES
20724,BPO / Call Centre / ITES
20725,BPO / Call Centre / ITES
20726,BPO / Call Centre / ITES
20727,BPO / Call Centre / ITES
20728,BPO / Call Centre / ITES
20729,BPO / Call Centre / ITES
20730,BPO / Call Centre / ITES
20731,BPO / Call Centre / ITES
20732,BPO / Call Centre / ITES
20733,BPO / Call Centre / ITES
20734,BPO / Call Centre / ITES
20735,BPO / Call Centre / ITES
20736,BPO / Call Centre / ITES
20737,BPO / Call Centre / ITES
20738,BPO / Call Centre / ITES
20739,BPO / Call Centre / ITES
20740,BPO / Call Centre / ITES
20741,BPO / Call Centre / ITES
20742,BPO / Call Centre / ITES
20743,BPO / Call Centre / ITES
20744,BPO / Call Centre / ITES
20745,BPO / Call Centre / ITES
20746,BPO / Call Centre / ITES
20747,BPO / Call Centre / ITES
20748,BPO / Call Centre / ITES
20749,BPO / Call Centre / ITES
20750,BPO / Call Centre / ITES
20751,BPO / Call Centre / ITES
20752,BPO / Call Centre / ITES
20753,BPO / Call Centre / ITES
20754,BPO / Call Centre / ITES
20755,BPO / Call Centre / ITES
20756,BPO / Call Centre / ITES
20757,BPO / Call Centre / ITES
20758,BPO / Call Centre / ITES
20759,BPO / Call Centre / ITES
20760,BPO / Call Centre / ITES
20761,BPO / Call Centre / ITES
20762,BPO / Call Centre / ITES
20763,BPO / Call Centre / ITES
20764,BPO / Call Centre / ITES
20765,BPO / Call Centre / ITES
20766,BPO / Call Centre / ITES
20767,BPO / Call Centre / ITES
20768,BPO / Call Centre / ITES
20769,BPO / Call Centre / ITES
20770,BPO / Call Centre / ITES
20771,BPO / Call Centre / ITES
20772,BPO / Call Centre / ITES
20773,BPO / Call Centre / ITES
20774,BPO / Call Centre / ITES
20775,BPO / Call Centre / ITES
20776,BPO / Call Centre / ITES
20777,BPO / Call Centre / ITES
20778,BPO / Call Centre / ITES
20779,BPO / Call Centre / ITES
20780,BPO / Call Centre / ITES
20781,BPO / Call Centre / ITES
20782,BPO / Call Centre / ITES
20783,BPO / Call Centre / ITES
20784,BPO / Call Centre / ITES
20785,BPO / Call Centre / ITES
20786,BPO / Call Centre / ITES
20787,BPO / Call Centre / ITES
20788,BPO / Call Centre / ITES
20789,BPO / Call Centre / ITES
20790,BPO / Call Centre / ITES
20791,BPO / Call Centre / ITES
20792,BPO / Call Centre / ITES
20793,BPO / Call Centre / ITES
20794,BPO / Call Centre / ITES
20795,BPO / Call Centre / ITES
20796,BPO / Call Centre / ITES
20797,BPO / Call Centre / ITES
20798,BPO / Call Centre / ITES
20799,BPO / Call Centre / ITES
20800,BPO / Call Centre / ITES
20801,BPO / Call Centre / ITES
20802,BPO / Call Centre / ITES
20803,BPO / Call Centre / ITES
20804,BPO / Call Centre / ITES
20805,BPO / Call Centre / ITES
20806,BPO / Call Centre / ITES
20807,BPO / Call Centre / ITES
20808,BPO / Call Centre / ITES
20809,BPO / Call Centre / ITES
20810,BPO / Call Centre / ITES
20811,BPO / Call Centre / ITES
20812,BPO / Call Centre / ITES
20813,BPO / Call Centre / ITES
20814,BPO / Call Centre / ITES
20815,BPO / Call Centre / ITES
20816,BPO / Call Centre / ITES
20817,BPO / Call Centre / ITES
20818,BPO / Call Centre / ITES
20819,BPO / Call Centre / ITES
20820,BPO / Call Centre / ITES
20821,BPO / Call Centre / ITES
20822,BPO / Call Centre / ITES
20823,BPO / Call Centre / ITES
20824,BPO / Call Centre / ITES
20825,BPO / Call Centre / ITES
20826,BPO / Call Centre / ITES
20827,BPO / Call Centre / ITES
20828,BPO / Call Centre / ITES
20829,BPO / Call Centre / ITES
20830,BPO / Call Centre / ITES
20831,BPO / Call Centre / ITES
20832,BPO / Call Centre / ITES
20833,BPO / Call Centre / ITES
20834,BPO / Call Centre / ITES
20835,BPO / Call Centre / ITES
20836,BPO / Call Centre / ITES
20837,BPO / Call Centre / ITES
20838,BPO / Call Centre / ITES
20839,BPO / Call Centre / ITES
20840,BPO / Call Centre / ITES
20841,BPO / Call Centre / ITES
20842,BPO / Call Centre / ITES
20843,BPO / Call Centre / ITES
20844,BPO / Call Centre / ITES
20845,BPO / Call Centre / ITES
20846,BPO / Call Centre / ITES
20847,BPO / Call Centre / ITES
20848,BPO / Call Centre / ITES
20849,BPO / Call Centre / ITES
20850,BPO / Call Centre / ITES
20851,BPO / Call Centre / ITES
20852,BPO / Call Centre / ITES
20853,BPO / Call Centre / ITES
20854,BPO / Call Centre / ITES
20855,BPO / Call Centre / ITES
20856,BPO / Call Centre / ITES
20857,BPO / Call Centre / ITES
20858,BPO / Call Centre / ITES
20859,BPO / Call Centre / ITES
20860,BPO / Call Centre / ITES
20861,BPO / Call Centre / ITES
20862,BPO / Call Centre / ITES
20863,BPO / Call Centre / ITES
20864,BPO / Call Centre / ITES
20865,BPO / Call Centre / ITES
20866,BPO / Call Centre / ITES
20867,BPO / Call Centre / ITES
20868,BPO / Call Centre / ITES
20869,BPO / Call Centre / ITES
20870,BPO / Call Centre / ITES
20871,BPO / Call Centre / ITES
20872,BPO / Call Centre / ITES
20873,BPO / Call Centre / ITES
20874,BPO / Call Centre / ITES
20875,BPO / Call Centre / ITES
20876,BPO / Call Centre / ITES
20877,BPO / Call Centre / ITES
20878,BPO / Call Centre / ITES
20879,BPO / Call Centre / ITES
20880,BPO / Call Centre / ITES
20881,BPO / Call Centre / ITES
20882,BPO / Call Centre / ITES
20883,BPO / Call Centre / ITES
20884,BPO / Call Centre / ITES
20885,BPO / Call Centre / ITES
20886,BPO / Call Centre / ITES
20887,BPO / Call Centre / ITES
20888,BPO / Call Centre / ITES
20889,BPO / Call Centre / ITES
20890,BPO / Call Centre / ITES
20891,BPO / Call Centre / ITES
20892,BPO / Call Centre / ITES
20893,BPO / Call Centre / ITES
20894,BPO / Call Centre / ITES
20895,BPO / Call Centre / ITES
20896,BPO / Call Centre / ITES
20897,BPO / Call Centre / ITES
20898,BPO / Call Centre / ITES
20899,BPO / Call Centre / ITES
20900,BPO / Call Centre / ITES
20901,BPO / Call Centre / ITES
20902,BPO / Call Centre / ITES
20903,BPO / Call Centre / ITES
20904,BPO / Call Centre / ITES
20905,BPO / Call Centre / ITES
20906,BPO / Call Centre / ITES
20907,BPO / Call Centre / ITES
20908,BPO / Call Centre / ITES
20909,BPO / Call Centre / ITES
20910,BPO / Call Centre / ITES
20911,BPO / Call Centre / ITES
20912,BPO / Call Centre / ITES
20913,BPO / Call Centre / ITES
20914,BPO / Call Centre / ITES
20915,BPO / Call Centre / ITES
20916,BPO / Call Centre / ITES
20917,BPO / Call Centre / ITES
20918,BPO / Call Centre / ITES
20919,BPO / Call Centre / ITES
20920,BPO / Call Centre / ITES
20921,BPO / Call Centre / ITES
20922,BPO / Call Centre / ITES
20923,BPO / Call Centre / ITES
20924,BPO / Call Centre / ITES
20925,BPO / Call Centre / ITES
20926,BPO / Call Centre / ITES
20927,BPO / Call Centre / ITES
20928,BPO / Call Centre / ITES
20929,BPO / Call Centre / ITES
20930,BPO / Call Centre / ITES
20931,BPO / Call Centre / ITES
20932,BPO / Call Centre / ITES
20933,BPO / Call Centre / ITES
20934,BPO / Call Centre / ITES
20935,BPO / Call Centre / ITES
20936,BPO / Call Centre / ITES
20937,BPO / Call Centre / ITES
20938,BPO / Call Centre / ITES
20939,BPO / Call Centre / ITES
20940,BPO / Call Centre / ITES
20941,BPO / Call Centre / ITES
20942,BPO / Call Centre / ITES
20943,BPO / Call Centre / ITES
20944,BPO / Call Centre / ITES
20945,BPO / Call Centre / ITES
20946,BPO / Call Centre / ITES
20947,BPO / Call Centre / ITES
20948,BPO / Call Centre / ITES
20949,BPO / Call Centre / ITES
20950,BPO / Call Centre / ITES
20951,BPO / Call Centre / ITES
20952,BPO / Call Centre / ITES
20953,BPO / Call Centre / ITES
20954,BPO / Call Centre / ITES
20955,BPO / Call Centre / ITES
20956,BPO / Call Centre / ITES
20957,BPO / Call Centre / ITES
20958,BPO / Call Centre / ITES
20959,BPO / Call Centre / ITES
20960,BPO / Call Centre / ITES
20961,BPO / Call Centre / ITES
20962,BPO / Call Centre / ITES
20963,BPO / Call Centre / ITES
20964,BPO / Call Centre / ITES
20965,BPO / Call Centre / ITES
20966,BPO / Call Centre / ITES
20967,BPO / Call Centre / ITES
20968,BPO / Call Centre / ITES
20969,BPO / Call Centre / ITES
20970,BPO / Call Centre / ITES
20971,BPO / Call Centre / ITES
20972,BPO / Call Centre / ITES
20973,BPO / Call Centre / ITES
20974,BPO / Call Centre / ITES
20975,BPO / Call Centre / ITES
20976,BPO / Call Centre / ITES
20977,BPO / Call Centre / ITES
20978,BPO / Call Centre / ITES
20979,BPO / Call Centre / ITES
20980,BPO / Call Centre / ITES
20981,BPO / Call Centre / ITES
20982,BPO / Call Centre / ITES
20983,BPO / Call Centre / ITES
20984,BPO / Call Centre / ITES
20985,BPO / Call Centre / ITES
20986,BPO / Call Centre / ITES
20987,BPO / Call Centre / ITES
20988,BPO / Call Centre / ITES
20989,BPO / Call Centre / ITES
20990,BPO / Call Centre / ITES
20991,BPO / Call Centre / ITES
20992,BPO / Call Centre / ITES
20993,BPO / Call Centre / ITES
20994,BPO / Call Centre / ITES
20995,BPO / Call Centre / ITES
20996,BPO / Call Centre / ITES
20997,BPO / Call Centre / ITES
20998,BPO / Call Centre / ITES
20999,BPO / Call Centre / ITES
21000,BPO / Call Centre / ITES
21001,BPO / Call Centre / ITES
21002,BPO / Call Centre / ITES
21003,BPO / Call Centre / ITES
21004,BPO / Call Centre / ITES
21005,BPO / Call Centre / ITES
21006,BPO / Call Centre / ITES
21007,BPO / Call Centre / ITES
21008,BPO / Call Centre / ITES
21009,BPO / Call Centre / ITES
21010,BPO / Call Centre / ITES
21011,BPO / Call Centre / ITES
21012,BPO / Call Centre / ITES
21013,BPO / Call Centre / ITES
21014,BPO / Call Centre / ITES
21015,BPO / Call Centre / ITES
21016,BPO / Call Centre / ITES
21017,BPO / Call Centre / ITES
21018,BPO / Call Centre / ITES
21019,BPO / Call Centre / ITES
21020,BPO / Call Centre / ITES
21021,BPO / Call Centre / ITES
21022,BPO / Call Centre / ITES
21023,BPO / Call Centre / ITES
21024,BPO / Call Centre / ITES
21025,BPO / Call Centre / ITES
21026,BPO / Call Centre / ITES
21027,BPO / Call Centre / ITES
21028,BPO / Call Centre / ITES
21029,BPO / Call Centre / ITES
21030,BPO / Call Centre / ITES
21031,BPO / Call Centre / ITES
21032,BPO / Call Centre / ITES
21033,BPO / Call Centre / ITES
21034,BPO / Call Centre / ITES
21035,BPO / Call Centre / ITES
21036,BPO / Call Centre / ITES
21037,BPO / Call Centre / ITES
21038,BPO / Call Centre / ITES
21039,BPO / Call Centre / ITES
21040,BPO / Call Centre / ITES
21041,BPO / Call Centre / ITES
21042,BPO / Call Centre / ITES
21043,BPO / Call Centre / ITES
21044,BPO / Call Centre / ITES
21045,BPO / Call Centre / ITES
21046,BPO / Call Centre / ITES
21047,BPO / Call Centre / ITES
21048,BPO / Call Centre / ITES
21049,BPO / Call Centre / ITES
21050,BPO / Call Centre / ITES
21051,BPO / Call Centre / ITES
21052,BPO / Call Centre / ITES
21053,BPO / Call Centre / ITES
21054,BPO / Call Centre / ITES
21055,BPO / Call Centre / ITES
21056,BPO / Call Centre / ITES
21057,BPO / Call Centre / ITES
21058,BPO / Call Centre / ITES
21059,BPO / Call Centre / ITES
21060,BPO / Call Centre / ITES
21061,BPO / Call Centre / ITES
21062,BPO / Call Centre / ITES
21063,BPO / Call Centre / ITES
21064,BPO / Call Centre / ITES
21065,BPO / Call Centre / ITES
21066,BPO / Call Centre / ITES
21067,BPO / Call Centre / ITES
21068,BPO / Call Centre / ITES
21069,BPO / Call Centre / ITES
21070,BPO / Call Centre / ITES
21071,BPO / Call Centre / ITES
21072,BPO / Call Centre / ITES
21073,BPO / Call Centre / ITES
21074,BPO / Call Centre / ITES
21075,BPO / Call Centre / ITES
21076,BPO / Call Centre / ITES
21077,BPO / Call Centre / ITES
21078,BPO / Call Centre / ITES
21079,BPO / Call Centre / ITES
21080,BPO / Call Centre / ITES
21081,BPO / Call Centre / ITES
21082,BPO / Call Centre / ITES
21083,BPO / Call Centre / ITES
21084,BPO / Call Centre / ITES
21085,BPO / Call Centre / ITES
21086,BPO / Call Centre / ITES
21087,BPO / Call Centre / ITES
21088,BPO / Call Centre / ITES
21089,BPO / Call Centre / ITES
21090,BPO / Call Centre / ITES
21091,BPO / Call Centre / ITES
21092,BPO / Call Centre / ITES
21093,BPO / Call Centre / ITES
21094,BPO / Call Centre / ITES
21095,BPO / Call Centre / ITES
21096,BPO / Call Centre / ITES
21097,BPO / Call Centre / ITES
21098,BPO / Call Centre / ITES
21099,BPO / Call Centre / ITES
21100,BPO / Call Centre / ITES
21101,BPO / Call Centre / ITES
21102,BPO / Call Centre / ITES
21103,BPO / Call Centre / ITES
21104,BPO / Call Centre / ITES
21105,BPO / Call Centre / ITES
21106,BPO / Call Centre / ITES
21107,BPO / Call Centre / ITES
21108,BPO / Call Centre / ITES
21109,BPO / Call Centre / ITES
21110,BPO / Call Centre / ITES
21111,BPO / Call Centre / ITES
21112,BPO / Call Centre / ITES
21113,BPO / Call Centre / ITES
21114,BPO / Call Centre / ITES
21115,BPO / Call Centre / ITES
21116,BPO / Call Centre / ITES
21117,BPO / Call Centre / ITES
21118,BPO / Call Centre / ITES
21119,BPO / Call Centre / ITES
21120,BPO / Call Centre / ITES
21121,BPO / Call Centre / ITES
21122,BPO / Call Centre / ITES
21123,BPO / Call Centre / ITES
21124,BPO / Call Centre / ITES
21125,BPO / Call Centre / ITES
21126,BPO / Call Centre / ITES
21127,BPO / Call Centre / ITES
21128,BPO / Call Centre / ITES
21129,BPO / Call Centre / ITES
21130,BPO / Call Centre / ITES
21131,BPO / Call Centre / ITES
21132,BPO / Call Centre / ITES
21133,BPO / Call Centre / ITES
21134,BPO / Call Centre / ITES
21135,BPO / Call Centre / ITES
21136,BPO / Call Centre / ITES
21137,BPO / Call Centre / ITES
21138,BPO / Call Centre / ITES
21139,BPO / Call Centre / ITES
21140,BPO / Call Centre / ITES
21141,BPO / Call Centre / ITES
21142,BPO / Call Centre / ITES
21143,BPO / Call Centre / ITES
21144,BPO / Call Centre / ITES
21145,BPO / Call Centre / ITES
21146,BPO / Call Centre / ITES
21147,BPO / Call Centre / ITES
21148,BPO / Call Centre / ITES
21149,BPO / Call Centre / ITES
21150,BPO / Call Centre / ITES
21151,BPO / Call Centre / ITES
21152,BPO / Call Centre / ITES
21153,BPO / Call Centre / ITES
21154,BPO / Call Centre / ITES
21155,BPO / Call Centre / ITES
21156,BPO / Call Centre / ITES
21157,BPO / Call Centre / ITES
21158,BPO / Call Centre / ITES
21159,BPO / Call Centre / ITES
21160,BPO / Call Centre / ITES
21161,BPO / Call Centre / ITES
21162,BPO / Call Centre / ITES
21163,BPO / Call Centre / ITES
21164,BPO / Call Centre / ITES
21165,BPO / Call Centre / ITES
21166,BPO / Call Centre / ITES
21167,BPO / Call Centre / ITES
21168,BPO / Call Centre / ITES
21169,BPO / Call Centre / ITES
21170,BPO / Call Centre / ITES
21171,BPO / Call Centre / ITES
21172,BPO / Call Centre / ITES
21173,BPO / Call Centre / ITES
21174,BPO / Call Centre / ITES
21175,BPO / Call Centre / ITES
21176,BPO / Call Centre / ITES
21177,BPO / Call Centre / ITES
21178,BPO / Call Centre / ITES
21179,BPO / Call Centre / ITES
21180,BPO / Call Centre / ITES
21181,BPO / Call Centre / ITES
21182,BPO / Call Centre / ITES
21183,BPO / Call Centre / ITES
21184,BPO / Call Centre / ITES
21185,BPO / Call Centre / ITES
21186,BPO / Call Centre / ITES
21187,BPO / Call Centre / ITES
21188,BPO / Call Centre / ITES
21189,BPO / Call Centre / ITES
21190,BPO / Call Centre / ITES
21191,BPO / Call Centre / ITES
21192,BPO / Call Centre / ITES
21193,BPO / Call Centre / ITES
21194,BPO / Call Centre / ITES
21195,BPO / Call Centre / ITES
21196,BPO / Call Centre / ITES
21197,BPO / Call Centre / ITES
21198,BPO / Call Centre / ITES
21199,BPO / Call Centre / ITES
21200,BPO / Call Centre / ITES
21201,BPO / Call Centre / ITES
21202,BPO / Call Centre / ITES
21203,BPO / Call Centre / ITES
21204,BPO / Call Centre / ITES
21205,BPO / Call Centre / ITES
21206,BPO / Call Centre / ITES
21207,BPO / Call Centre / ITES
21208,BPO / Call Centre / ITES
21209,BPO / Call Centre / ITES
21210,BPO / Call Centre / ITES
21211,BPO / Call Centre / ITES
21212,BPO / Call Centre / ITES
21213,BPO / Call Centre / ITES
21214,BPO / Call Centre / ITES
21215,BPO / Call Centre / ITES
21216,BPO / Call Centre / ITES
21217,BPO / Call Centre / ITES
21218,BPO / Call Centre / ITES
21219,BPO / Call Centre / ITES
21220,BPO / Call Centre / ITES
21221,BPO / Call Centre / ITES
21222,BPO / Call Centre / ITES
21223,BPO / Call Centre / ITES
21224,BPO / Call Centre / ITES
21225,BPO / Call Centre / ITES
21226,BPO / Call Centre / ITES
21227,BPO / Call Centre / ITES
21228,BPO / Call Centre / ITES
21229,BPO / Call Centre / ITES
21230,BPO / Call Centre / ITES
21231,BPO / Call Centre / ITES
21232,BPO / Call Centre / ITES
21233,BPO / Call Centre / ITES
21234,BPO / Call Centre / ITES
21235,BPO / Call Centre / ITES
21236,BPO / Call Centre / ITES
21237,BPO / Call Centre / ITES
21238,BPO / Call Centre / ITES
21239,BPO / Call Centre / ITES
21240,BPO / Call Centre / ITES
21241,BPO / Call Centre / ITES
21242,BPO / Call Centre / ITES
21243,BPO / Call Centre / ITES
21244,BPO / Call Centre / ITES
21245,BPO / Call Centre / ITES
21246,BPO / Call Centre / ITES
21247,BPO / Call Centre / ITES
21248,BPO / Call Centre / ITES
21249,BPO / Call Centre / ITES
21250,BPO / Call Centre / ITES
21251,BPO / Call Centre / ITES
21252,BPO / Call Centre / ITES
21253,BPO / Call Centre / ITES
21254,BPO / Call Centre / ITES
21255,BPO / Call Centre / ITES
21256,BPO / Call Centre / ITES
21257,BPO / Call Centre / ITES
21258,BPO / Call Centre / ITES
21259,BPO / Call Centre / ITES
21260,BPO / Call Centre / ITES
21261,BPO / Call Centre / ITES
21262,BPO / Call Centre / ITES
21263,BPO / Call Centre / ITES
21264,BPO / Call Centre / ITES
21265,BPO / Call Centre / ITES
21266,BPO / Call Centre / ITES
21267,BPO / Call Centre / ITES
21268,BPO / Call Centre / ITES
21269,BPO / Call Centre / ITES
21270,BPO / Call Centre / ITES
21271,BPO / Call Centre / ITES
21272,BPO / Call Centre / ITES
21273,BPO / Call Centre / ITES
21274,BPO / Call Centre / ITES
21275,BPO / Call Centre / ITES
21276,BPO / Call Centre / ITES
21277,BPO / Call Centre / ITES
21278,BPO / Call Centre / ITES
21279,BPO / Call Centre / ITES
21280,BPO / Call Centre / ITES
21281,BPO / Call Centre / ITES
21282,BPO / Call Centre / ITES
21283,BPO / Call Centre / ITES
21284,BPO / Call Centre / ITES
21285,BPO / Call Centre / ITES
21286,BPO / Call Centre / ITES
21287,BPO / Call Centre / ITES
21288,BPO / Call Centre / ITES
21289,BPO / Call Centre / ITES
21290,BPO / Call Centre / ITES
21291,BPO / Call Centre / ITES
21292,BPO / Call Centre / ITES
21293,BPO / Call Centre / ITES
21294,BPO / Call Centre / ITES
21295,BPO / Call Centre / ITES
21296,BPO / Call Centre / ITES
21297,BPO / Call Centre / ITES
21298,BPO / Call Centre / ITES
21299,BPO / Call Centre / ITES
21300,BPO / Call Centre / ITES
21301,BPO / Call Centre / ITES
21302,BPO / Call Centre / ITES
21303,BPO / Call Centre / ITES
21304,BPO / Call Centre / ITES
21305,BPO / Call Centre / ITES
21306,BPO / Call Centre / ITES
21307,BPO / Call Centre / ITES
21308,BPO / Call Centre / ITES
21309,BPO / Call Centre / ITES
21310,BPO / Call Centre / ITES
21311,BPO / Call Centre / ITES
21312,BPO / Call Centre / ITES
21313,BPO / Call Centre / ITES
21314,BPO / Call Centre / ITES
21315,BPO / Call Centre / ITES
21316,BPO / Call Centre / ITES
21317,BPO / Call Centre / ITES
21318,BPO / Call Centre / ITES
21319,BPO / Call Centre / ITES
21320,BPO / Call Centre / ITES
21321,BPO / Call Centre / ITES
21322,BPO / Call Centre / ITES
21323,BPO / Call Centre / ITES
21324,BPO / Call Centre / ITES
21325,BPO / Call Centre / ITES
21326,BPO / Call Centre / ITES
21327,BPO / Call Centre / ITES
21328,BPO / Call Centre / ITES
21329,BPO / Call Centre / ITES
21330,BPO / Call Centre / ITES
21331,BPO / Call Centre / ITES
21332,BPO / Call Centre / ITES
21333,BPO / Call Centre / ITES
21334,BPO / Call Centre / ITES
21335,BPO / Call Centre / ITES
21336,BPO / Call Centre / ITES
21337,BPO / Call Centre / ITES
21338,BPO / Call Centre / ITES
21339,BPO / Call Centre / ITES
21340,BPO / Call Centre / ITES
21341,BPO / Call Centre / ITES
21342,BPO / Call Centre / ITES
21343,BPO / Call Centre / ITES
21344,BPO / Call Centre / ITES
21345,BPO / Call Centre / ITES
21346,BPO / Call Centre / ITES
21347,BPO / Call Centre / ITES
21348,BPO / Call Centre / ITES
21349,BPO / Call Centre / ITES
21350,BPO / Call Centre / ITES
21351,BPO / Call Centre / ITES
21352,BPO / Call Centre / ITES
21353,BPO / Call Centre / ITES
21354,BPO / Call Centre / ITES
21355,BPO / Call Centre / ITES
21356,BPO / Call Centre / ITES
21357,BPO / Call Centre / ITES
21358,BPO / Call Centre / ITES
21359,BPO / Call Centre / ITES
21360,BPO / Call Centre / ITES
21361,BPO / Call Centre / ITES
21362,BPO / Call Centre / ITES
21363,BPO / Call Centre / ITES
21364,BPO / Call Centre / ITES
21365,BPO / Call Centre / ITES
21366,BPO / Call Centre / ITES
21367,BPO / Call Centre / ITES
21368,BPO / Call Centre / ITES
21369,BPO / Call Centre / ITES
21370,BPO / Call Centre / ITES
21371,BPO / Call Centre / ITES
21372,BPO / Call Centre / ITES
21373,BPO / Call Centre / ITES
21374,BPO / Call Centre / ITES
21375,BPO / Call Centre / ITES
21376,BPO / Call Centre / ITES
21377,BPO / Call Centre / ITES
21378,BPO / Call Centre / ITES
21379,BPO / Call Centre / ITES
21380,BPO / Call Centre / ITES
21381,BPO / Call Centre / ITES
21382,BPO / Call Centre / ITES
21383,BPO / Call Centre / ITES
21384,BPO / Call Centre / ITES
21385,BPO / Call Centre / ITES
21386,BPO / Call Centre / ITES
21387,BPO / Call Centre / ITES
21388,BPO / Call Centre / ITES
21389,BPO / Call Centre / ITES
21390,BPO / Call Centre / ITES
21391,BPO / Call Centre / ITES
21392,BPO / Call Centre / ITES
21393,BPO / Call Centre / ITES
21394,BPO / Call Centre / ITES
21395,BPO / Call Centre / ITES
21396,BPO / Call Centre / ITES
21397,BPO / Call Centre / ITES
21398,BPO / Call Centre / ITES
21399,BPO / Call Centre / ITES
21400,BPO / Call Centre / ITES
21401,BPO / Call Centre / ITES
21402,BPO / Call Centre / ITES
21403,BPO / Call Centre / ITES
21404,BPO / Call Centre / ITES
21405,BPO / Call Centre / ITES
21406,BPO / Call Centre / ITES
21407,BPO / Call Centre / ITES
21408,BPO / Call Centre / ITES
21409,BPO / Call Centre / ITES
21410,BPO / Call Centre / ITES
21411,BPO / Call Centre / ITES
21412,BPO / Call Centre / ITES
21413,BPO / Call Centre / ITES
21414,BPO / Call Centre / ITES
21415,BPO / Call Centre / ITES
21416,BPO / Call Centre / ITES
21417,BPO / Call Centre / ITES
21418,BPO / Call Centre / ITES
21419,BPO / Call Centre / ITES
21420,BPO / Call Centre / ITES
21421,BPO / Call Centre / ITES
21422,BPO / Call Centre / ITES
21423,BPO / Call Centre / ITES
21424,BPO / Call Centre / ITES
21425,BPO / Call Centre / ITES
21426,BPO / Call Centre / ITES
21427,BPO / Call Centre / ITES
21428,BPO / Call Centre / ITES
21429,BPO / Call Centre / ITES
21430,BPO / Call Centre / ITES
21431,BPO / Call Centre / ITES
21432,BPO / Call Centre / ITES
21433,BPO / Call Centre / ITES
21434,BPO / Call Centre / ITES
21435,BPO / Call Centre / ITES
21436,BPO / Call Centre / ITES
21437,BPO / Call Centre / ITES
21438,BPO / Call Centre / ITES
21439,BPO / Call Centre / ITES
21440,BPO / Call Centre / ITES
21441,BPO / Call Centre / ITES
21442,BPO / Call Centre / ITES
21443,BPO / Call Centre / ITES
21444,BPO / Call Centre / ITES
21445,BPO / Call Centre / ITES
21446,BPO / Call Centre / ITES
21447,BPO / Call Centre / ITES
21448,BPO / Call Centre / ITES
21449,BPO / Call Centre / ITES
21450,BPO / Call Centre / ITES
21451,BPO / Call Centre / ITES
21452,BPO / Call Centre / ITES
21453,BPO / Call Centre / ITES
21454,BPO / Call Centre / ITES
21455,BPO / Call Centre / ITES
21456,BPO / Call Centre / ITES
21457,BPO / Call Centre / ITES
21458,BPO / Call Centre / ITES
21459,BPO / Call Centre / ITES
21460,BPO / Call Centre / ITES
21461,BPO / Call Centre / ITES
21462,BPO / Call Centre / ITES
21463,BPO / Call Centre / ITES
21464,BPO / Call Centre / ITES
21465,BPO / Call Centre / ITES
21466,BPO / Call Centre / ITES
21467,BPO / Call Centre / ITES
21468,BPO / Call Centre / ITES
21469,BPO / Call Centre / ITES
21470,BPO / Call Centre / ITES
21471,BPO / Call Centre / ITES
21472,BPO / Call Centre / ITES
21473,BPO / Call Centre / ITES
21474,BPO / Call Centre / ITES
21475,BPO / Call Centre / ITES
21476,BPO / Call Centre / ITES
21477,BPO / Call Centre / ITES
21478,BPO / Call Centre / ITES
21479,BPO / Call Centre / ITES
21480,BPO / Call Centre / ITES
21481,BPO / Call Centre / ITES
21482,BPO / Call Centre / ITES
21483,BPO / Call Centre / ITES
21484,BPO / Call Centre / ITES
21485,BPO / Call Centre / ITES
21486,BPO / Call Centre / ITES
21487,BPO / Call Centre / ITES
21488,BPO / Call Centre / ITES
21489,BPO / Call Centre / ITES
21490,BPO / Call Centre / ITES
21491,BPO / Call Centre / ITES
21492,BPO / Call Centre / ITES
21493,BPO / Call Centre / ITES
21494,BPO / Call Centre / ITES
21495,BPO / Call Centre / ITES
21496,BPO / Call Centre / ITES
21497,BPO / Call Centre / ITES
21498,BPO / Call Centre / ITES
21499,BPO / Call Centre / ITES
21500,BPO / Call Centre / ITES
21501,BPO / Call Centre / ITES
21502,BPO / Call Centre / ITES
21503,BPO / Call Centre / ITES
21504,BPO / Call Centre / ITES
21505,BPO / Call Centre / ITES
21506,BPO / Call Centre / ITES
21507,BPO / Call Centre / ITES
21508,BPO / Call Centre / ITES
21509,BPO / Call Centre / ITES
21510,BPO / Call Centre / ITES
21511,BPO / Call Centre / ITES
21512,BPO / Call Centre / ITES
21513,BPO / Call Centre / ITES
21514,BPO / Call Centre / ITES
21515,BPO / Call Centre / ITES
21516,BPO / Call Centre / ITES
21517,BPO / Call Centre / ITES
21518,BPO / Call Centre / ITES
21519,BPO / Call Centre / ITES
21520,BPO / Call Centre / ITES
21521,BPO / Call Centre / ITES
21522,BPO / Call Centre / ITES
21523,BPO / Call Centre / ITES
21524,BPO / Call Centre / ITES
21525,BPO / Call Centre / ITES
21526,BPO / Call Centre / ITES
21527,BPO / Call Centre / ITES
21528,BPO / Call Centre / ITES
21529,BPO / Call Centre / ITES
21530,BPO / Call Centre / ITES
21531,BPO / Call Centre / ITES
21532,BPO / Call Centre / ITES
21533,BPO / Call Centre / ITES
21534,BPO / Call Centre / ITES
21535,BPO / Call Centre / ITES
21536,BPO / Call Centre / ITES
21537,BPO / Call Centre / ITES
21538,BPO / Call Centre / ITES
21539,BPO / Call Centre / ITES
21540,BPO / Call Centre / ITES
21541,BPO / Call Centre / ITES
21542,BPO / Call Centre / ITES
21543,BPO / Call Centre / ITES
21544,BPO / Call Centre / ITES
21545,BPO / Call Centre / ITES
21546,BPO / Call Centre / ITES
21547,BPO / Call Centre / ITES
21548,BPO / Call Centre / ITES
21549,BPO / Call Centre / ITES
21550,BPO / Call Centre / ITES
21551,BPO / Call Centre / ITES
21552,BPO / Call Centre / ITES
21553,BPO / Call Centre / ITES
21554,BPO / Call Centre / ITES
21555,BPO / Call Centre / ITES
21556,BPO / Call Centre / ITES
21557,BPO / Call Centre / ITES
21558,BPO / Call Centre / ITES
21559,BPO / Call Centre / ITES
21560,BPO / Call Centre / ITES
21561,BPO / Call Centre / ITES
21562,BPO / Call Centre / ITES
21563,BPO / Call Centre / ITES
21564,BPO / Call Centre / ITES
21565,BPO / Call Centre / ITES
21566,BPO / Call Centre / ITES
21567,BPO / Call Centre / ITES
21568,BPO / Call Centre / ITES
21569,BPO / Call Centre / ITES
21570,BPO / Call Centre / ITES
21571,BPO / Call Centre / ITES
21572,BPO / Call Centre / ITES
21573,BPO / Call Centre / ITES
21574,BPO / Call Centre / ITES
21575,BPO / Call Centre / ITES
21576,BPO / Call Centre / ITES
21577,BPO / Call Centre / ITES
21578,BPO / Call Centre / ITES
21579,BPO / Call Centre / ITES
21580,BPO / Call Centre / ITES
21581,BPO / Call Centre / ITES
21582,BPO / Call Centre / ITES
21583,BPO / Call Centre / ITES
21584,BPO / Call Centre / ITES
21585,BPO / Call Centre / ITES
21586,BPO / Call Centre / ITES
21587,BPO / Call Centre / ITES
21588,BPO / Call Centre / ITES
21589,BPO / Call Centre / ITES
21590,BPO / Call Centre / ITES
21591,BPO / Call Centre / ITES
21592,BPO / Call Centre / ITES
21593,BPO / Call Centre / ITES
21594,BPO / Call Centre / ITES
21595,BPO / Call Centre / ITES
21596,BPO / Call Centre / ITES
21597,BPO / Call Centre / ITES
21598,BPO / Call Centre / ITES
21599,BPO / Call Centre / ITES
21600,BPO / Call Centre / ITES
21601,BPO / Call Centre / ITES
21602,BPO / Call Centre / ITES
21603,BPO / Call Centre / ITES
21604,BPO / Call Centre / ITES
21605,BPO / Call Centre / ITES
21606,BPO / Call Centre / ITES
21607,BPO / Call Centre / ITES
21608,BPO / Call Centre / ITES
21609,BPO / Call Centre / ITES
21610,BPO / Call Centre / ITES
21611,BPO / Call Centre / ITES
21612,BPO / Call Centre / ITES
21613,BPO / Call Centre / ITES
21614,BPO / Call Centre / ITES
21615,BPO / Call Centre / ITES
21616,BPO / Call Centre / ITES
21617,BPO / Call Centre / ITES
21618,BPO / Call Centre / ITES
21619,BPO / Call Centre / ITES
21620,BPO / Call Centre / ITES
21621,BPO / Call Centre / ITES
21622,BPO / Call Centre / ITES
21623,BPO / Call Centre / ITES
21624,BPO / Call Centre / ITES
21625,BPO / Call Centre / ITES
21626,BPO / Call Centre / ITES
21627,BPO / Call Centre / ITES
21628,BPO / Call Centre / ITES
21629,BPO / Call Centre / ITES
21630,BPO / Call Centre / ITES
21631,BPO / Call Centre / ITES
21632,BPO / Call Centre / ITES
21633,BPO / Call Centre / ITES
21634,BPO / Call Centre / ITES
21635,BPO / Call Centre / ITES
21636,BPO / Call Centre / ITES
21637,BPO / Call Centre / ITES
21638,BPO / Call Centre / ITES
21639,BPO / Call Centre / ITES
21640,BPO / Call Centre / ITES
21641,BPO / Call Centre / ITES
21642,BPO / Call Centre / ITES
21643,BPO / Call Centre / ITES
21644,BPO / Call Centre / ITES
21645,BPO / Call Centre / ITES
21646,BPO / Call Centre / ITES
21647,BPO / Call Centre / ITES
21648,BPO / Call Centre / ITES
21649,BPO / Call Centre / ITES
21650,BPO / Call Centre / ITES
21651,BPO / Call Centre / ITES
21652,BPO / Call Centre / ITES
21653,BPO / Call Centre / ITES
21654,BPO / Call Centre / ITES
21655,BPO / Call Centre / ITES
21656,BPO / Call Centre / ITES
21657,BPO / Call Centre / ITES
21658,BPO / Call Centre / ITES
21659,BPO / Call Centre / ITES
21660,BPO / Call Centre / ITES
21661,BPO / Call Centre / ITES
21662,BPO / Call Centre / ITES
21663,BPO / Call Centre / ITES
21664,BPO / Call Centre / ITES
21665,BPO / Call Centre / ITES
21666,BPO / Call Centre / ITES
21667,BPO / Call Centre / ITES
21668,BPO / Call Centre / ITES
21669,BPO / Call Centre / ITES
21670,BPO / Call Centre / ITES
21671,BPO / Call Centre / ITES
21672,BPO / Call Centre / ITES
21673,BPO / Call Centre / ITES
21674,BPO / Call Centre / ITES
21675,BPO / Call Centre / ITES
21676,BPO / Call Centre / ITES
21677,BPO / Call Centre / ITES
21678,BPO / Call Centre / ITES
21679,BPO / Call Centre / ITES
21680,BPO / Call Centre / ITES
21681,BPO / Call Centre / ITES
21682,BPO / Call Centre / ITES
21683,BPO / Call Centre / ITES
21684,BPO / Call Centre / ITES
21685,BPO / Call Centre / ITES
21686,BPO / Call Centre / ITES
21687,BPO / Call Centre / ITES
21688,BPO / Call Centre / ITES
21689,BPO / Call Centre / ITES
21690,BPO / Call Centre / ITES
21691,BPO / Call Centre / ITES
21692,BPO / Call Centre / ITES
21693,BPO / Call Centre / ITES
21694,BPO / Call Centre / ITES
21695,BPO / Call Centre / ITES
21696,BPO / Call Centre / ITES
21697,BPO / Call Centre / ITES
21698,BPO / Call Centre / ITES
21699,BPO / Call Centre / ITES
21700,BPO / Call Centre / ITES
21701,BPO / Call Centre / ITES
21702,BPO / Call Centre / ITES
21703,BPO / Call Centre / ITES
21704,BPO / Call Centre / ITES
21705,BPO / Call Centre / ITES
21706,BPO / Call Centre / ITES
21707,BPO / Call Centre / ITES
21708,BPO / Call Centre / ITES
21709,BPO / Call Centre / ITES
21710,BPO / Call Centre / ITES
21711,BPO / Call Centre / ITES
21712,BPO / Call Centre / ITES
21713,BPO / Call Centre / ITES
21714,BPO / Call Centre / ITES
21715,BPO / Call Centre / ITES
21716,BPO / Call Centre / ITES
21717,BPO / Call Centre / ITES
21718,BPO / Call Centre / ITES
21719,BPO / Call Centre / ITES
21720,BPO / Call Centre / ITES
21721,BPO / Call Centre / ITES
21722,BPO / Call Centre / ITES
21723,BPO / Call Centre / ITES
21724,BPO / Call Centre / ITES
21725,BPO / Call Centre / ITES
21726,BPO / Call Centre / ITES
21727,BPO / Call Centre / ITES
21728,BPO / Call Centre / ITES
21729,BPO / Call Centre / ITES
21730,BPO / Call Centre / ITES
21731,BPO / Call Centre / ITES
21732,BPO / Call Centre / ITES
21733,BPO / Call Centre / ITES
21734,BPO / Call Centre / ITES
21735,BPO / Call Centre / ITES
21736,BPO / Call Centre / ITES
21737,BPO / Call Centre / ITES
21738,BPO / Call Centre / ITES
21739,BPO / Call Centre / ITES
21740,BPO / Call Centre / ITES
21741,BPO / Call Centre / ITES
21742,BPO / Call Centre / ITES
21743,BPO / Call Centre / ITES
21744,BPO / Call Centre / ITES
21745,BPO / Call Centre / ITES
21746,BPO / Call Centre / ITES
21747,BPO / Call Centre / ITES
21748,BPO / Call Centre / ITES
21749,BPO / Call Centre / ITES
21750,BPO / Call Centre / ITES
21751,BPO / Call Centre / ITES
21752,BPO / Call Centre / ITES
21753,BPO / Call Centre / ITES
21754,BPO / Call Centre / ITES
21755,BPO / Call Centre / ITES
21756,BPO / Call Centre / ITES
21757,BPO / Call Centre / ITES
21758,BPO / Call Centre / ITES
21759,BPO / Call Centre / ITES
21760,BPO / Call Centre / ITES
21761,BPO / Call Centre / ITES
21762,BPO / Call Centre / ITES
21763,BPO / Call Centre / ITES
21764,BPO / Call Centre / ITES
21765,BPO / Call Centre / ITES
21766,BPO / Call Centre / ITES
21767,BPO / Call Centre / ITES
21768,BPO / Call Centre / ITES
21769,BPO / Call Centre / ITES
21770,BPO / Call Centre / ITES
21771,BPO / Call Centre / ITES
21772,BPO / Call Centre / ITES
21773,BPO / Call Centre / ITES
21774,BPO / Call Centre / ITES
21775,BPO / Call Centre / ITES
21776,BPO / Call Centre / ITES
21777,BPO / Call Centre / ITES
21778,BPO / Call Centre / ITES
21779,BPO / Call Centre / ITES
21780,BPO / Call Centre / ITES
21781,BPO / Call Centre / ITES
21782,BPO / Call Centre / ITES
21783,BPO / Call Centre / ITES
21784,BPO / Call Centre / ITES
21785,BPO / Call Centre / ITES
21786,BPO / Call Centre / ITES
21787,BPO / Call Centre / ITES
21788,BPO / Call Centre / ITES
21789,BPO / Call Centre / ITES
21790,BPO / Call Centre / ITES
21791,BPO / Call Centre / ITES
21792,BPO / Call Centre / ITES
21793,BPO / Call Centre / ITES
21794,BPO / Call Centre / ITES
21795,BPO / Call Centre / ITES
21796,BPO / Call Centre / ITES
21797,BPO / Call Centre / ITES
21798,BPO / Call Centre / ITES
21799,BPO / Call Centre / ITES
21800,BPO / Call Centre / ITES
21801,BPO / Call Centre / ITES
21802,BPO / Call Centre / ITES
21803,BPO / Call Centre / ITES
21804,BPO / Call Centre / ITES
21805,BPO / Call Centre / ITES
21806,BPO / Call Centre / ITES
21807,BPO / Call Centre / ITES
21808,BPO / Call Centre / ITES
21809,BPO / Call Centre / ITES
21810,BPO / Call Centre / ITES
21811,BPO / Call Centre / ITES
21812,BPO / Call Centre / ITES
21813,BPO / Call Centre / ITES
21814,BPO / Call Centre / ITES
21815,BPO / Call Centre / ITES
21816,BPO / Call Centre / ITES
21817,BPO / Call Centre / ITES
21818,BPO / Call Centre / ITES
21819,BPO / Call Centre / ITES
21820,BPO / Call Centre / ITES
21821,BPO / Call Centre / ITES
21822,BPO / Call Centre / ITES
21823,BPO / Call Centre / ITES
21824,BPO / Call Centre / ITES
21825,BPO / Call Centre / ITES
21826,BPO / Call Centre / ITES
21827,BPO / Call Centre / ITES
21828,BPO / Call Centre / ITES
21829,BPO / Call Centre / ITES
21830,BPO / Call Centre / ITES
21831,BPO / Call Centre / ITES
21832,BPO / Call Centre / ITES
21833,BPO / Call Centre / ITES
21834,BPO / Call Centre / ITES
21835,BPO / Call Centre / ITES
21836,BPO / Call Centre / ITES
21837,BPO / Call Centre / ITES
21838,BPO / Call Centre / ITES
21839,BPO / Call Centre / ITES
21840,BPO / Call Centre / ITES
21841,BPO / Call Centre / ITES
21842,BPO / Call Centre / ITES
21843,BPO / Call Centre / ITES
21844,BPO / Call Centre / ITES
21845,BPO / Call Centre / ITES
21846,BPO / Call Centre / ITES
21847,BPO / Call Centre / ITES
21848,BPO / Call Centre / ITES
21849,BPO / Call Centre / ITES
21850,BPO / Call Centre / ITES
21851,BPO / Call Centre / ITES
21852,BPO / Call Centre / ITES
21853,BPO / Call Centre / ITES
21854,BPO / Call Centre / ITES
21855,BPO / Call Centre / ITES
21856,BPO / Call Centre / ITES
21857,BPO / Call Centre / ITES
21858,BPO / Call Centre / ITES
21859,BPO / Call Centre / ITES
21860,BPO / Call Centre / ITES
21861,BPO / Call Centre / ITES
21862,BPO / Call Centre / ITES
21863,BPO / Call Centre / ITES
21864,BPO / Call Centre / ITES
21865,BPO / Call Centre / ITES
21866,BPO / Call Centre / ITES
21867,BPO / Call Centre / ITES
21868,BPO / Call Centre / ITES
21869,BPO / Call Centre / ITES
21870,BPO / Call Centre / ITES
21871,BPO / Call Centre / ITES
21872,BPO / Call Centre / ITES
21873,BPO / Call Centre / ITES
21874,BPO / Call Centre / ITES
21875,BPO / Call Centre / ITES
21876,BPO / Call Centre / ITES
21877,BPO / Call Centre / ITES
21878,BPO / Call Centre / ITES
21879,BPO / Call Centre / ITES
21880,BPO / Call Centre / ITES
21881,BPO / Call Centre / ITES
21882,BPO / Call Centre / ITES
21883,BPO / Call Centre / ITES
21884,BPO / Call Centre / ITES
21885,BPO / Call Centre / ITES
21886,BPO / Call Centre / ITES
21887,BPO / Call Centre / ITES
21888,BPO / Call Centre / ITES
21889,BPO / Call Centre / ITES
21890,BPO / Call Centre / ITES
21891,BPO / Call Centre / ITES
21892,BPO / Call Centre / ITES
21893,BPO / Call Centre / ITES
21894,BPO / Call Centre / ITES
21895,BPO / Call Centre / ITES
21896,BPO / Call Centre / ITES
21897,BPO / Call Centre / ITES
21898,BPO / Call Centre / ITES
21899,BPO / Call Centre / ITES
21900,BPO / Call Centre / ITES
21901,BPO / Call Centre / ITES
21902,BPO / Call Centre / ITES
21903,BPO / Call Centre / ITES
21904,BPO / Call Centre / ITES
21905,BPO / Call Centre / ITES
21906,BPO / Call Centre / ITES
21907,BPO / Call Centre / ITES
21908,BPO / Call Centre / ITES
21909,BPO / Call Centre / ITES
21910,BPO / Call Centre / ITES
21911,BPO / Call Centre / ITES
21912,BPO / Call Centre / ITES
21913,BPO / Call Centre / ITES
21914,BPO / Call Centre / ITES
21915,BPO / Call Centre / ITES
21916,BPO / Call Centre / ITES
21917,BPO / Call Centre / ITES
21918,BPO / Call Centre / ITES
21919,BPO / Call Centre / ITES
21920,BPO / Call Centre / ITES
21921,BPO / Call Centre / ITES
21922,BPO / Call Centre / ITES
21923,BPO / Call Centre / ITES
21924,BPO / Call Centre / ITES
21925,BPO / Call Centre / ITES
21926,BPO / Call Centre / ITES
21927,BPO / Call Centre / ITES
21928,BPO / Call Centre / ITES
21929,BPO / Call Centre / ITES
21930,BPO / Call Centre / ITES
21931,BPO / Call Centre / ITES
21932,BPO / Call Centre / ITES
21933,BPO / Call Centre / ITES
21934,BPO / Call Centre / ITES
21935,BPO / Call Centre / ITES
21936,BPO / Call Centre / ITES
21937,BPO / Call Centre / ITES
21938,BPO / Call Centre / ITES
21939,BPO / Call Centre / ITES
21940,BPO / Call Centre / ITES
21941,BPO / Call Centre / ITES
21942,BPO / Call Centre / ITES
21943,BPO / Call Centre / ITES
21944,BPO / Call Centre / ITES
21945,BPO / Call Centre / ITES
21946,BPO / Call Centre / ITES
21947,BPO / Call Centre / ITES
21948,BPO / Call Centre / ITES
21949,BPO / Call Centre / ITES
21950,BPO / Call Centre / ITES
21951,BPO / Call Centre / ITES
21952,BPO / Call Centre / ITES
21953,BPO / Call Centre / ITES
21954,BPO / Call Centre / ITES
21955,BPO / Call Centre / ITES
21956,BPO / Call Centre / ITES
21957,BPO / Call Centre / ITES
21958,BPO / Call Centre / ITES
21959,BPO / Call Centre / ITES
21960,BPO / Call Centre / ITES
21961,BPO / Call Centre / ITES
21962,BPO / Call Centre / ITES
21963,BPO / Call Centre / ITES
21964,BPO / Call Centre / ITES
21965,BPO / Call Centre / ITES
21966,BPO / Call Centre / ITES
21967,BPO / Call Centre / ITES
21968,BPO / Call Centre / ITES
21969,BPO / Call Centre / ITES
21970,BPO / Call Centre / ITES
21971,BPO / Call Centre / ITES
21972,BPO / Call Centre / ITES
21973,BPO / Call Centre / ITES
21974,BPO / Call Centre / ITES
21975,BPO / Call Centre / ITES
21976,BPO / Call Centre / ITES
21977,BPO / Call Centre / ITES
21978,BPO / Call Centre / ITES
21979,BPO / Call Centre / ITES
21980,BPO / Call Centre / ITES
21981,BPO / Call Centre / ITES
21982,BPO / Call Centre / ITES
21983,BPO / Call Centre / ITES
21984,BPO / Call Centre / ITES
21985,BPO / Call Centre / ITES
21986,BPO / Call Centre / ITES
21987,BPO / Call Centre / ITES
21988,BPO / Call Centre / ITES
21989,BPO / Call Centre / ITES
21990,BPO / Call Centre / ITES
21991,BPO / Call Centre / ITES
21992,BPO / Call Centre / ITES
21993,BPO / Call Centre / ITES
21994,BPO / Call Centre / ITES
21995,BPO / Call Centre / ITES
21996,BPO / Call Centre / ITES
21997,BPO / Call Centre / ITES
21998,BPO / Call Centre / ITES
21999,BPO / Call Centre / ITES
